1,SERV-8,SERVICE - LOST/FOUND PROPERTY,2023-10-22,0611,12200 LEESBURG PIKE,HERNDON,VA,20170
1,TRES-90J-1,TRESPASSING - PRIVATE PROPERTY,2023-10-22,2300,6500 ANTRICAN DR,SPRINGFIELD,VA,22150
1,SERV-1,SERVICE - POLICE SERVICE,2023-10-23,0008, IDYLWOOD RD / WATTERS GLEN CT,FALLS CHURCH,VA,22043
1,SERV-1,SERVICE - POLICE SERVICE,2023-10-23,0110,7000 HAYCOCK RD,FALLS CHURCH,VA,22043
1,AUTO-240-4,AUTO THEFT - AUTOS,2023-10-23,0033,5900 EDGEHILL DR,ALEXANDRIA,VA,22303
1,DRUG-35A-10,DRUGS - OTHER DANGEROUS DRUGS POSSESSION,2023-10-23,0145,4100 WADSWORTH CT,ANNANDALE,VA,22003
1,WARR-90Z-4,WARRANT - WARRANT SERVICE,2023-10-23,0145,4100 WADSWORTH CT,ANNANDALE,VA,22003
1,SERV-29,SERVICE - DOMESTIC DISPUTE,2023-10-23,0228,6800 SPRINGFIELD BLVD,SPRINGFIELD,VA,22150
1,SUSP-2,SUSPICIOUS - PERSON,2023-10-23,0236,13300 WOODLAND PARK RD,HERNDON,VA,20171
1,ASSLT-13B-1,ASSAULT - SIMPLE; NOT AGGRAVATED,2023-10-23,0206,2500 GLENGYLE DR,VIENNA,VA,22181
1,ASSLT-13B-1,ASSAULT - SIMPLE; NOT AGGRAVATED,2023-10-23,0454,7700 RICHMOND HWY,ALEXANDRIA,VA,22306
2,TRES-90J-1,TRESPASSING - PRIVATE PROPERTY,2023-10-23,0454,7700 RICHMOND HWY,ALEXANDRIA,VA,22306
1,SERV-29,SERVICE - DOMESTIC DISPUTE,2023-10-23,0432,13300 GLEN ECHO CIR,HERNDON,VA,20171
1,SERV-11,SERVICE - NATURAL DEATH,2023-10-23,0130,4400 GROOMBRIDGE WAY,ALEXANDRIA,VA,22309
1,FRAUD-26A-1,FRAUD - FALSE PRETENSES/SWINDLE/CONFIDENCE GAME,2023-10-23,0745,6400 JAPONICA ST,SPRINGFIELD,VA,22150
1,SERV-45,SRO RELATED EVENT,2023-10-23,0629,3300 LEES CORNER RD,CHANTILLY,VA,20151
2,SUSP-1,SUSPICIOUS - EVENT,2023-10-23,0629,3300 LEES CORNER RD,CHANTILLY,VA,20151
1,FRAUD-26A-1,FRAUD - FALSE PRETENSES/SWINDLE/CONFIDENCE GAME,2023-10-23,0827,2900 SAINTSBURY PLZ,FAIRFAX,VA,22031
1,SERV-6,SERVICE - ANIMAL DESTROYED BY SERVICE WEAPON,2023-10-23,0735,2500 EAST MEREDITH DR,VIENNA,VA,22181
1,SERV-33,SERVICE - NON DMV REPORTABLE CRASH,2023-10-23,0849,5500 SEMINARY RD,FALLS CHURCH,VA,22041
1,TRES-90J-1,TRESPASSING - PRIVATE PROPERTY,2023-10-23,0853,7100 SILVER LAKE BLVD,ALEXANDRIA,VA,22315
1,SUSP-1,SUSPICIOUS - EVENT,2023-10-23,0841,13700 COUNTRY CROSSING CT,CHANTILLY,VA,20151
1,LARC-23-3,LARCENY - SHOPLIFTING,2023-10-23,0622,6300 SOUTH KINGS HWY,ALEXANDRIA,VA,22306
2,SERV-45,SRO RELATED EVENT,2023-10-23,0920,9200 BURKE LAKE RD,BURKE,VA,22015
1,SERV-8,SERVICE - LOST/FOUND PROPERTY,2023-10-23,0946,11500 UNDEROAK CT,RESTON,VA,20191
1,SUSP-1,SUSPICIOUS - EVENT,2023-10-23,0934,11900 BOWMAN TOWNE DR,RESTON,VA,20190
1,LARC-23-6,LARCENY - THEFT FROM MOTOR VEHICLE,2023-10-23,0200,2900 PADDOCK WOOD CT,OAKTON,VA,22124
1,TRES-90J-7,TRESPASSING - UNLAWFUL ENTRY,2023-10-23,0948,4900 RAVENSWORTH RD,ANNANDALE,VA,22003
1,SUSP-2,SUSPICIOUS - PERSON,2023-10-23,0600,5100 TRAVIS EDWARD WAY,CENTREVILLE,VA,20120
1,DEST-290-2,DESTRUCTION - PRIVATE PROPERTY,2023-10-23,0940,11900 MARKET ST,RESTON,VA,20190
1,SERV-47,SERVICE - NON-FATAL OVERDOSE (NFO),2023-10-23,0955,6800 SPRINGFIELD BLVD,SPRINGFIELD,VA,22150
1,ASSLT-13B-1,ASSAULT - SIMPLE; NOT AGGRAVATED,2023-10-23,0920,6300 SOUTH KINGS HWY,ALEXANDRIA,VA,22306
1,PORN-370-3,PORN - CHILD - FINANCE/DIST/SELL CHILD PORN,2023-10-23,1032,7500 LITTLE RIVER TPKE,ANNANDALE,VA,22003
1,PORN-370-8,PORN - CHILD - OTHER,2023-10-23,1032,12000 GOVERNMENT CENTER PKWY,FAIRFAX,VA,22035
1,SEX-90Z-2,SEX - OTHER NON-FORCIBLE SEX VIOLATION,2023-10-23,1032,9400 CORAL CREST LN,VIENNA,VA,22182
1,ASSLT-13B-1,ASSAULT - SIMPLE; NOT AGGRAVATED,2023-10-23,0838,4100 PICKETT RD,FAIRFAX,VA,22032
2,SERV-45,SRO RELATED EVENT,2023-10-23,0838,4100 PICKETT RD,FAIRFAX,VA,22032
1,SUSP-2,SUSPICIOUS - PERSON,2023-10-23,1014,11400 WATERVIEW CL,RESTON,VA,20190
2,TRES-90J-1,TRESPASSING - PRIVATE PROPERTY,2023-10-23,1001,8100 ARLINGTON BLVD,FALLS CHURCH,VA,22042
1,LARC-23-3,LARCENY - SHOPLIFTING,2023-10-23,1001,8100 ARLINGTON BLVD,FALLS CHURCH,VA,22042
1,FRAUD-26A-1,FRAUD - FALSE PRETENSES/SWINDLE/CONFIDENCE GAME,2023-10-23,1109,2100 GREENKEEPERS CT,RESTON,VA,20191
1,SERV-8,SERVICE - LOST/FOUND PROPERTY,2023-10-23,1022, AMERICANA DR / PATRIOT DR,ANNANDALE,VA,22003
1,ASSLT-13B-1,ASSAULT - SIMPLE; NOT AGGRAVATED,2023-10-23,1041,5900 CAMBERLY AVE,SPRINGFIELD,VA,22150
1,SERV-37,SERVICE - MISSING JUVENILE,2023-10-23,1020,9400 ROUTE 29,FAIRFAX,VA,22031
1,SERV-1,SERVICE - POLICE SERVICE,2023-10-23,1043,4000 FIELDING ST,ALEXANDRIA,VA,22309
1,SUSP-2,SUSPICIOUS - PERSON,2023-10-23,1141,9500 MAIN ST,FAIRFAX,VA,22032
2,SERV-45,SRO RELATED EVENT,2023-10-23,1141,9500 MAIN ST,FAIRFAX,VA,22032
1,SUSP-2,SUSPICIOUS - PERSON,2023-10-23,0957,10600 BRADDOCK RD,FAIRFAX,VA,22032
1,SERV-6,SERVICE - ANIMAL DESTROYED BY SERVICE WEAPON,2023-10-23,1122,1500 KINGSTREAM CIR,HERNDON,VA,20170
2,ANML-4,ANIMAL - SERVICE - WILD,2023-10-23,1122,1500 KINGSTREAM CIR,HERNDON,VA,20170
1,FRAUD-26C-1,FRAUD - IMPERSONATION,2023-10-23,1219,6000 DINWIDDIE ST,SPRINGFIELD,VA,22150
1,SERV-1,SERVICE - POLICE SERVICE,2023-10-23,1144,2200 ARLINGTON TER,ALEXANDRIA,VA,22303
1,ABDCT-100-1,ABDUCTION - KIDNAPPING/ABDUCTION,2023-10-23,1126,2300 FREETOWN CT,RESTON,VA,20191
1,ASSLT-13B-1,ASSAULT - SIMPLE; NOT AGGRAVATED,2023-10-23,1204,6400 MONTROSE ST,ALEXANDRIA,VA,22312
2,DEST-290-2,DESTRUCTION - PRIVATE PROPERTY,2023-10-23,1204,6400 MONTROSE ST,ALEXANDRIA,VA,22312
1,SEX-90Z-2,SEX - OTHER NON-FORCIBLE SEX VIOLATION,2023-10-23,1147,11700 SUNRISE VALLEY DR,RESTON,VA,20191
1,SERV-8,SERVICE - LOST/FOUND PROPERTY,2023-10-23,1212,10000 RICHMOND HWY,LORTON,VA,22079
1,SERV-29,SERVICE - DOMESTIC DISPUTE,2023-10-23,1217,2300 PIMMIT DR,FALLS CHURCH,VA,22043
1,ASSLT-13B-1,ASSAULT - SIMPLE; NOT AGGRAVATED,2023-10-23,1047,1700 VANPORT ST,ALEXANDRIA,VA,22303
2,SERV-45,SRO RELATED EVENT,2023-10-23,1047,1700 VANPORT ST,ALEXANDRIA,VA,22303
1,SERV-1,SERVICE - POLICE SERVICE,2023-10-23,1218,5900 FORT DR,CENTREVILLE,VA,20121
1,SEX-90Z-2,SEX - OTHER NON-FORCIBLE SEX VIOLATION,2023-10-23,1234,6700 ARLINGTON BLVD,FALLS CHURCH,VA,22042
1,FRAUD-26C-1,FRAUD - IMPERSONATION,2023-10-23,1306,5700 HERITAGE HILL DR,ALEXANDRIA,VA,22310
1,SERV-1,SERVICE - POLICE SERVICE,2023-10-23,1128,7000 RHODEN CT,SPRINGFIELD,VA,22151
1,SERV-29,SERVICE - DOMESTIC DISPUTE,2023-10-23,1234,8600 WALUTES CIR,ALEXANDRIA,VA,22309
1,SERV-8,SERVICE - LOST/FOUND PROPERTY,2023-10-23,1130,6400 SPRINGFIELD MALL,SPRINGFIELD,VA,22150
1,ASSLT-13B-1,ASSAULT - SIMPLE; NOT AGGRAVATED,2023-10-23,1241,6800 BRADDOCK RD,ANNANDALE,VA,22003
1,SERV-6,SERVICE - ANIMAL DESTROYED BY SERVICE WEAPON,2023-10-23,1304,2300 SAINT BEDES CT,RESTON,VA,20191
2,ANML-4,ANIMAL - SERVICE - WILD,2023-10-23,1304,2300 SAINT BEDES CT,RESTON,VA,20191
1,LARC-23-3,LARCENY - SHOPLIFTING,2023-10-23,1245,1900 CHAIN BRIDGE RD,MCLEAN,VA,22102
1,EXTOR-210-1,EXTORTION/BLACKMAIL,2023-10-23,1226,12200 HEATHER DOWN DR,HERNDON,VA,20190
1,LARC-23-3,LARCENY - SHOPLIFTING,2023-10-23,1221,1900 CHAIN BRIDGE RD,MCLEAN,VA,22102
1,LARC-23-3,LARCENY - SHOPLIFTING,2023-10-23,1319,2000 INTERNATIONAL DR,MCLEAN,VA,22102
1,SUSP-2,SUSPICIOUS - PERSON,2023-10-23,1328,13000 DUNHILL DR,FAIRFAX,VA,22030
1,LARC-23-3,LARCENY - SHOPLIFTING,2023-10-23,1353,6600 SPRINGFIELD MALL,SPRINGFIELD,VA,22150
1,LARC-23-6,LARCENY - THEFT FROM MOTOR VEHICLE,2023-10-23,1336,6300 RICHMOND HWY,ALEXANDRIA,VA,22306
1,FRAUD-26C-1,FRAUD - IMPERSONATION,2023-10-23,1427,6800 MUSKETT WAY,CENTREVILLE,VA,20121
1,LARC-23-9,LARCENY -  ALL OTHER LARCENY,2023-10-23,1400,12100 SUNSET HILLS RD,RESTON,VA,20190
1,ASSLT-13B-1,ASSAULT - SIMPLE; NOT AGGRAVATED,2023-10-23,1344,4300 GUINEA RD,ANNANDALE,VA,22003
1,PARK-90Z-1,PARKING - INOPERATIVE/ABANDONED VEHICLE,2023-10-23,1431,6400 TELEGRAPH RD,ALEXANDRIA,VA,22310
1,FRAUD-26C-1,FRAUD - IMPERSONATION,2023-10-23,1443,3800 STEPPES CT,FALLS CHURCH,VA,22041
1,LARC-23-4,LARCENY - THEFT FROM BUILDING,2023-10-23,1353,3200 WEST OX RD,HERNDON,VA,20171
1,LARC-23-4,LARCENY - THEFT FROM BUILDING,2023-10-23,1353,3200 WEST OX RD,HERNDON,VA,20171
1,ASSLT-13C-5,THREATS - IN WRITING,2023-10-23,1415,2500 PARKERS LN,ALEXANDRIA,VA,22306
1,LARC-23-9,LARCENY -  ALL OTHER LARCENY,2023-10-23,1431,1600 RESTON PKWY,RESTON,VA,20190
1,SERV-33,SERVICE - NON DMV REPORTABLE CRASH,2023-10-23,1448, ENOCHS DR / MOUNT AIR DR,LORTON,VA,22079
1,LARC-23-3,LARCENY - SHOPLIFTING,2023-10-23,1400,5900 KINGSTOWNE TOWNE CTR,ALEXANDRIA,VA,22315
1,SERV-6,SERVICE - ANIMAL DESTROYED BY SERVICE WEAPON,2023-10-23,1443,1600 CAPITAL ONE DR,MCLEAN,VA,22102
2,ANML-4,ANIMAL - SERVICE - WILD,2023-10-23,1443,1600 CAPITAL ONE DR,MCLEAN,VA,22102
1,ASSLT-13B-1,ASSAULT - SIMPLE; NOT AGGRAVATED,2023-10-23,1407,13600 LEGACY CIR,HERNDON,VA,20171
1,LARC-23-9,LARCENY -  ALL OTHER LARCENY,2023-10-23,1510,6500 WHEAT MILL WAY,CENTREVILLE,VA,20121
1,LARC-23-9,LARCENY -  ALL OTHER LARCENY,2023-10-23,1444,13800 METROTECH DR,CHANTILLY,VA,20151
1,ASSLT-13B-1,ASSAULT - SIMPLE; NOT AGGRAVATED,2023-10-23,1349,2900 ARLINGTON DR,ALEXANDRIA,VA,22306
3,DRUNK-90Z-1,DRUNK - DRUNK/PROFANE IN PUBLIC,2023-10-23,1349,2900 ARLINGTON DR,ALEXANDRIA,VA,22306
2,LARC-23-3,LARCENY - SHOPLIFTING,2023-10-23,1349,2900 ARLINGTON DR,ALEXANDRIA,VA,22306
4,PUB-90Z-6,PUBLIC SAFETY - OBSTRUCTION OF JUSTICE,2023-10-23,1349,2900 ARLINGTON DR,ALEXANDRIA,VA,22306
1,SUSP-1,SUSPICIOUS - EVENT,2023-10-23,1455,4900 STONECROFT BLVD,CHANTILLY,VA,20120
1,LARC-23-4,LARCENY - THEFT FROM BUILDING,2023-10-23,1516,6200 LITTLE RIVER TPKE,ALEXANDRIA,VA,22312
1,DEST-290-2,DESTRUCTION - PRIVATE PROPERTY,2023-10-23,1506,6200 HARBIN DR,ALEXANDRIA,VA,22310
1,LARC-23-9,LARCENY -  ALL OTHER LARCENY,2023-10-23,1440,6400 BRANDON AVE,SPRINGFIELD,VA,22150
1,SERV-8,SERVICE - LOST/FOUND PROPERTY,2023-10-23,1526,8000 WESTPARK DR,MCLEAN,VA,22102
1,SUSP-1,SUSPICIOUS - EVENT,2023-10-23,1423,2300 TODDSBURY PL,RESTON,VA,20191
1,ASSLT-13B-1,ASSAULT - SIMPLE; NOT AGGRAVATED,2023-10-23,1529,5900 HAVENER HOUSE WAY,CENTREVILLE,VA,20120
1,WARR-90Z-4,WARRANT - WARRANT SERVICE,2023-10-23,1512,10500 JUDICIAL DR,FAIRFAX,VA,22030
1,LARC-23-3,LARCENY - SHOPLIFTING,2023-10-23,1352,6600 RICHMOND HWY,ALEXANDRIA,VA,22306
2,TRES-90J-1,TRESPASSING - PRIVATE PROPERTY,2023-10-23,1352,6600 RICHMOND HWY,ALEXANDRIA,VA,22306
1,SERV-8,SERVICE - LOST/FOUND PROPERTY,2023-10-23,1620,2500 PARKERS LN,ALEXANDRIA,VA,22306
1,ANML-90Z-1,ANIMAL - RUNNING AT LARGE/UNRESTRICTED,2023-10-23,1556,7200 PARKWOOD CT,FALLS CHURCH,VA,22042
2,ANML-90Z-3,ANIMAL - LICENSE VIOLATION,2023-10-23,1556,7200 PARKWOOD CT,FALLS CHURCH,VA,22042
1,SERV-1,SERVICE - POLICE SERVICE,2023-10-23,1532,6600 MAYFAIR DR,FALLS CHURCH,VA,22042
1,ASSLT-13B-1,ASSAULT - SIMPLE; NOT AGGRAVATED,2023-10-23,1443,9500 SAINTSBURY DR,FAIRFAX,VA,22031
2,PUB-90Z-6,PUBLIC SAFETY - OBSTRUCTION OF JUSTICE,2023-10-23,1443,9500 SAINTSBURY DR,FAIRFAX,VA,22031
1,LARC-23-3,LARCENY - SHOPLIFTING,2023-10-23,1559,4400 CHANTILLY SHOPPING CTR,CHANTILLY,VA,20151
1,ANML-3,ANIMAL - SERVICE - DOMESTIC,2023-10-23,1643,6600 LITTLE RIVER TPKE,ALEXANDRIA,VA,22312
1,SERV-33,SERVICE - NON DMV REPORTABLE CRASH,2023-10-23,1642, CENTER WAY / SETTLE CT,FAIRFAX,VA,22033
1,ASSLT-13B-1,ASSAULT - SIMPLE; NOT AGGRAVATED,2023-10-23,1452,8200 FRESNO LN,ALEXANDRIA,VA,22309
1,DEST-290-2,DESTRUCTION - PRIVATE PROPERTY,2023-10-23,1610,8500 LEESBURG PIKE,VIENNA,VA,22182
1,OTHER-90Z-2,OTHER OFFENSE - AGAINST PROPERTY,2023-10-23,1457,6700 ARLINGTON BLVD,FALLS CHURCH,VA,22042
1,LARC-23-3,LARCENY - SHOPLIFTING,2023-10-23,1648,5800 KINGSTOWNE BLVD,ALEXANDRIA,VA,22315
2,LARC-23-11,LARCENY - CHECKS; CREDIT CARDS; BANK NOTES; ETC.,2023-10-23,1648,5800 KINGSTOWNE BLVD,ALEXANDRIA,VA,22315
1,SERV-5,SERVICE - ANIMAL DESTROYED BY CHEMICAL,2023-10-23,1628,1100 WESTMORELAND RD,ALEXANDRIA,VA,22308
1,ANML-3,ANIMAL - SERVICE - DOMESTIC,2023-10-23,1539,2000 HUNTINGTON AVE,ALEXANDRIA,VA,22303
1,ASSLT-13B-1,ASSAULT - SIMPLE; NOT AGGRAVATED,2023-10-23,1630,13300 PARCHER AVE,HERNDON,VA,20170
1,AUTO-240-4,AUTO THEFT - AUTOS,2023-10-23,1716,2900 DISTRICT AVE,FAIRFAX,VA,22031
1,SERV-37,SERVICE - MISSING JUVENILE,2023-10-23,1702,3300 LOCKHEED BLVD,ALEXANDRIA,VA,22306
1,SERV-37,SERVICE - MISSING JUVENILE,2023-10-23,1739,3000 CENTREVILLE RD,HERNDON,VA,20171
1,LARC-23-3,LARCENY - SHOPLIFTING,2023-10-23,1756,7900 RICHMOND HWY,ALEXANDRIA,VA,22306
1,DEST-290-2,DESTRUCTION - PRIVATE PROPERTY,2023-10-23,1732,7400 LITTLE RIVER TPKE,ANNANDALE,VA,22003
1,ASSLT-13B-1,ASSAULT - SIMPLE; NOT AGGRAVATED,2023-10-23,1803,9000 LONE STAR CT,LORTON,VA,22079
1,AUTO-240-4,AUTO THEFT - AUTOS,2023-10-23,1538,6900 RICHMOND HWY,ALEXANDRIA,VA,22306
1,FRAUD-26B-1,FRAUD - CREDIT CARD/AUTOMATED TELLER MACHINE FRAUD,2023-10-23,1838,13300 COPPERMINE RD,HERNDON,VA,20171
1,SERV-32,SERVICE - STOLEN AUTO RECOVERY OTHER JURISDICTION,2023-10-23,1845,1700 WHITEWOOD LN,HERNDON,VA,20170
1,SERV-8,SERVICE - LOST/FOUND PROPERTY,2023-10-23,1707,5800 CROSSROADS CTR,FALLS CHURCH,VA,22041
1,SERV-47,SERVICE - NON-FATAL OVERDOSE (NFO),2023-10-23,1800,3700 MICHELE CT,OAKTON,VA,22124
1,LARC-23-6,LARCENY - THEFT FROM MOTOR VEHICLE,2023-10-23,0100,3100 WATERSIDE LN,ALEXANDRIA,VA,22309
1,SUSP-1,SUSPICIOUS - EVENT,2023-10-23,1907,8500 GAMBEL OAK DR,SPRINGFIELD,VA,22153
1,SERV-29,SERVICE - DOMESTIC DISPUTE,2023-10-23,1839,8200 RUSSELL RD,ALEXANDRIA,VA,22309
1,SERV-29,SERVICE - DOMESTIC DISPUTE,2023-10-23,1909,6600 ARLINGTON BLVD,FALLS CHURCH,VA,22042
1,ANML-90Z-3,ANIMAL - LICENSE VIOLATION,2023-10-23,1908,2000 TAMANI DR,HERNDON,VA,20170
2,ANML-90Z-1,ANIMAL - RUNNING AT LARGE/UNRESTRICTED,2023-10-23,1908,2000 TAMANI DR,HERNDON,VA,20170
1,SERV-2,SERVICE - CIVIL DISPUTE,2023-10-23,1812,6500 COLUMBIA PIKE,ANNANDALE,VA,22003
1,SERV-29,SERVICE - DOMESTIC DISPUTE,2023-10-23,1856,6200 WINDWARD DR,BURKE,VA,22015
1,SERV-29,SERVICE - DOMESTIC DISPUTE,2023-10-23,1852,8800 OLIVE MAE CIR,FAIRFAX,VA,22031
1,ASSLT-13B-1,ASSAULT - SIMPLE; NOT AGGRAVATED,2023-10-23,1926,12100 FAIRFAX TOWNE CTR,FAIRFAX,VA,22033
1,ASSLT-13B-1,ASSAULT - SIMPLE; NOT AGGRAVATED,2023-10-23,1923,7200 ARLINGTON BLVD,FALLS CHURCH,VA,22042
2,TRES-90J-1,TRESPASSING - PRIVATE PROPERTY,2023-10-23,1923,7200 ARLINGTON BLVD,FALLS CHURCH,VA,22042
3,DRUNK-90Z-1,DRUNK - DRUNK/PROFANE IN PUBLIC,2023-10-23,1923,7200 ARLINGTON BLVD,FALLS CHURCH,VA,22042
1,LARC-23-3,LARCENY - SHOPLIFTING,2023-10-23,1856,7300 RICHMOND HWY,ALEXANDRIA,VA,22306
1,LARC-23-3,LARCENY - SHOPLIFTING,2023-10-23,1733,1500 CORNERSIDE BLVD,VIENNA,VA,22182
1,WARR-90Z-1,ORDER - VIOLATE EPO/PO/PPO,2023-10-23,1954,4900 FRAN PL,ALEXANDRIA,VA,22312
2,DRUG-35A-13,DRUGS - OTHER,2023-10-23,1906,6000 KNOLLWOOD DR,FALLS CHURCH,VA,22041
1,ASSLT-13B-1,ASSAULT - SIMPLE; NOT AGGRAVATED,2023-10-23,1906,6000 KNOLLWOOD DR,FALLS CHURCH,VA,22041
1,SERV-29,SERVICE - DOMESTIC DISPUTE,2023-10-23,1954,1800 CAMERON GLEN DR,RESTON,VA,20190
1,DEST-290-2,DESTRUCTION - PRIVATE PROPERTY,2023-10-23,1952,13300 GLEN ECHO CIR,HERNDON,VA,20171
1,ASSLT-13B-1,ASSAULT - SIMPLE; NOT AGGRAVATED,2023-10-23,1957,5300 JERELL CT,BURKE,VA,22015
2,SERV-29,SERVICE - DOMESTIC DISPUTE,2023-10-23,1632,5600 CHELMSFORD CT,BURKE,VA,22015
1,TELE-90Z-1,TELEPHONE - RECORD/INTERCPT/OTHER VIOLATION,2023-10-23,1632,5600 CHELMSFORD CT,BURKE,VA,22015
1,SERV-1,SERVICE - POLICE SERVICE,2023-10-23,1953,7600 MCWHORTER PL,ANNANDALE,VA,22003
1,SERV-1,SERVICE - POLICE SERVICE,2023-10-23,2036,7200 COMMERCE ST,SPRINGFIELD,VA,22150
1,SERV-23,SERVICE - MISSING ADULT,2023-10-23,1830,6400 ROCK HOLLOW LN,CLIFTON,VA,20124
1,SUSP-1,SUSPICIOUS - EVENT,2023-10-23,2045,14900 RED POST CT,CENTREVILLE,VA,20121
1,ASSLT-13B-1,ASSAULT - SIMPLE; NOT AGGRAVATED,2023-10-23,1957,5900 LEESBURG PIKE,FALLS CHURCH,VA,22041
3,PUB-90Z-6,PUBLIC SAFETY - OBSTRUCTION OF JUSTICE,2023-10-23,1957,5900 LEESBURG PIKE,FALLS CHURCH,VA,22041
2,WEAP-520-9,WEAPONS - BRANDISHING,2023-10-23,1957,5900 LEESBURG PIKE,FALLS CHURCH,VA,22041
1,SERV-1,SERVICE - POLICE SERVICE,2023-10-23,2035,3500 LION RUN,FAIRFAX,VA,22030
1,SERV-1,SERVICE - POLICE SERVICE,2023-10-23,1548,3300 WILKINS DR,FALLS CHURCH,VA,22041
1,SERV-1,SERVICE - POLICE SERVICE,2023-10-23,2127,7900 RICHMOND HWY,ALEXANDRIA,VA,22306
1,SERV-29,SERVICE - DOMESTIC DISPUTE,2023-10-23,2134,8300 BROCKHAM DR,ALEXANDRIA,VA,22309
1,FRAUD-26A-1,FRAUD - FALSE PRETENSES/SWINDLE/CONFIDENCE GAME,2023-10-23,1241,4700 TAPESTRY DR,FAIRFAX,VA,22032
1,SUSP-1,SUSPICIOUS - EVENT,2023-10-23,2124,11800 SAINT TRINIANS CT,RESTON,VA,20191
1,SERV-9,SERVICE - OPEN DOOR,2023-10-23,2146,6500 POHICK BAY DR,LORTON,VA,22079
1,SERV-29,SERVICE - DOMESTIC DISPUTE,2023-10-23,2158,6000 ARGYLE DR,FALLS CHURCH,VA,22041
1,SERV-2,SERVICE - CIVIL DISPUTE,2023-10-23,1830,3200 RIO DR,FALLS CHURCH,VA,22041
1,SERV-1,SERVICE - POLICE SERVICE,2023-10-23,2059,7500 LITTLE RIVER TPKE,ANNANDALE,VA,22003
2,TRES-90J-1,TRESPASSING - PRIVATE PROPERTY,2023-10-23,2232,1900 CHAIN BRIDGE RD,MCLEAN,VA,22102
3,DRUNK-90Z-1,DRUNK - DRUNK/PROFANE IN PUBLIC,2023-10-23,2232,1900 CHAIN BRIDGE RD,MCLEAN,VA,22102
1,LARC-280-1,STOLEN PROPERTY: BUYING; RECEIVING; POSSESSING,2023-10-23,2232,1900 CHAIN BRIDGE RD,MCLEAN,VA,22102
1,SERV-29,SERVICE - DOMESTIC DISPUTE,2023-10-23,2209,3000 WESTFORD VIEW CT,ALEXANDRIA,VA,22306
1,ASSLT-13B-1,ASSAULT - SIMPLE; NOT AGGRAVATED,2023-10-23,1455,3300 PEACE VALLEY LN,FALLS CHURCH,VA,22041
1,LARC-23-6,LARCENY - THEFT FROM MOTOR VEHICLE,2023-10-23,0600,2200 WHITE CORNUS LN,RESTON,VA,20191
2,DEST-290-2,DESTRUCTION - PRIVATE PROPERTY,2023-10-23,0600,2200 WHITE CORNUS LN,RESTON,VA,20191
1,LARC-23-3,LARCENY - SHOPLIFTING,2023-10-23,2248,7900 RICHMOND HWY,ALEXANDRIA,VA,22306
1,ASSLT-13B-1,ASSAULT - SIMPLE; NOT AGGRAVATED,2023-10-23,2012,7400 PARKWOOD CT,FALLS CHURCH,VA,22042
1,SUSP-2,SUSPICIOUS - PERSON,2023-10-23,2339,12100 SUNSET HILLS RD,RESTON,VA,20190
1,SUSP-3,SUSPICIOUS - VEHICLE,2023-10-23,2359,7400 FLOYD AVE,SPRINGFIELD,VA,22150
1,FAM-90F-5,FAMILY - CHILD ABUSE/NEGLECT,2023-10-23,2200,4700 HARVEST WOODS CT,FAIRFAX,VA,22033
1,LARC-23-6,LARCENY - THEFT FROM MOTOR VEHICLE,2023-10-23,2115,8400 RICHMOND HWY,ALEXANDRIA,VA,22309
1,LARC-23-6,LARCENY - THEFT FROM MOTOR VEHICLE,2023-10-23,2303,8400 RICHMOND HWY,ALEXANDRIA,VA,22309
1,SERV-23,SERVICE - MISSING ADULT,2023-10-23,2230,12900 PINEHURST GREENS CT,FAIRFAX,VA,22033
1,SERV-8,SERVICE - LOST/FOUND PROPERTY,2023-10-23,1200,7400 CAROL LN,FALLS CHURCH,VA,22042
2,SERV-999,POLICE PHONE REPORT,2023-10-23,1200,7400 CAROL LN,FALLS CHURCH,VA,22042
1,SERV-37,SERVICE - MISSING JUVENILE,2023-10-23,0700,3100 FURMAN LN,ALEXANDRIA,VA,22306
1,SERV-42,SERVICE - AVI OTHER,2023-10-23,1500,8500 OLD MOUNT VERNON RD,ALEXANDRIA,VA,22309
2,SERV-45,SRO RELATED EVENT,2023-10-23,1500,8500 OLD MOUNT VERNON RD,ALEXANDRIA,VA,22309
1,DEST-290-2,DESTRUCTION - PRIVATE PROPERTY,2023-10-23,1400,7200 ARLINGTON BLVD,FALLS CHURCH,VA,22042
1,LARC-23-4,LARCENY - THEFT FROM BUILDING,2023-10-23,1118,7900 TYSONS ONE PLACE,MCLEAN,VA,22101
1,ANML-90Z-1,ANIMAL - RUNNING AT LARGE/UNRESTRICTED,2023-10-23,0730,7100 GAME LORD DR,SPRINGFIELD,VA,22153
2,ANML-3,ANIMAL - SERVICE - DOMESTIC,2023-10-23,0730,7100 GAME LORD DR,SPRINGFIELD,VA,22153
1,ANML-90Z-1,ANIMAL - RUNNING AT LARGE/UNRESTRICTED,2023-10-23,2330,5800 CAMBRIDGE DR,SPRINGFIELD,VA,22152
1,ASSLT-13B-1,ASSAULT - SIMPLE; NOT AGGRAVATED,2023-10-23,2000,2400 DEW MEADOW CT,HERNDON,VA,20171
2,DEST-290-2,DESTRUCTION - PRIVATE PROPERTY,2023-10-23,2000,2400 DEW MEADOW CT,HERNDON,VA,20171
1,SERV-8,SERVICE - LOST/FOUND PROPERTY,2023-10-23,1504,6100 ROLLING RD,SPRINGFIELD,VA,22152
1,DEST-290-2,DESTRUCTION - PRIVATE PROPERTY,2023-10-23,2000,4200 FRANCONIA RD,ALEXANDRIA,VA,22310
1,ASSLT-13B-1,ASSAULT - SIMPLE; NOT AGGRAVATED,2023-10-23,2000,8300 GREELEY BLVD,SPRINGFIELD,VA,22152
1,LARC-23-3,LARCENY - SHOPLIFTING,2023-10-23,2102,6400 SPRINGFIELD PLZ,SPRINGFIELD,VA,22150
1,SERV-23,SERVICE - MISSING ADULT,2023-10-23,1800,3000 PATRICK HENRY DR,FALLS CHURCH,VA,22044
2,SERV-999,POLICE PHONE REPORT,2023-10-23,1800,3000 PATRICK HENRY DR,FALLS CHURCH,VA,22044
1,SUSP-1,SUSPICIOUS - EVENT,2023-10-23,1145,1500 ANDERSON RD,MCLEAN,VA,22102
1,FRAUD-26A-1,FRAUD - FALSE PRETENSES/SWINDLE/CONFIDENCE GAME,2023-10-23,1840,11600 LEEHIGH DR,FAIRFAX,VA,22030
1,SERV-8,SERVICE - LOST/FOUND PROPERTY,2023-10-23,0001,2600 AVENIR PL,VIENNA,VA,22180
1,DEST-290-2,DESTRUCTION - PRIVATE PROPERTY,2023-10-23,0800,11400 CYPRESS POINT CT,RESTON,VA,20190
1,SUSP-1,SUSPICIOUS - EVENT,2023-10-23,1238,2700 WEST ST,FALLS CHURCH,VA,22046
1,LARC-23-4,LARCENY - THEFT FROM BUILDING,2023-10-23,1200,7300 CLIFTON RD,CLIFTON,VA,20124
2,SERV-999,POLICE PHONE REPORT,2023-10-23,1200,7300 CLIFTON RD,CLIFTON,VA,20124
1,LARC-23-9,LARCENY -  ALL OTHER LARCENY,2023-10-23,0800,5600 COLUMBIA PIKE,FALLS CHURCH,VA,22041
1,SERV-1,SERVICE - POLICE SERVICE,2023-10-23,1215,7700 SCHELHORN RD,ALEXANDRIA,VA,22306
1,SERV-29,SERVICE - DOMESTIC DISPUTE,2023-10-24,0039,1700 OLNEY RD,FALLS CHURCH,VA,22043
1,DRUG-35A-13,DRUGS - OTHER,2023-10-24,0149,6000 BURKE COMMONS RD,BURKE,VA,22015
1,SUSP-1,SUSPICIOUS - EVENT,2023-10-24,0152,6000 BURKE COMMONS RD,BURKE,VA,22015
1,SERV-29,SERVICE - DOMESTIC DISPUTE,2023-10-24,0245,7200 GORMEL DR,SPRINGFIELD,VA,22150
1,SERV-6,SERVICE - ANIMAL DESTROYED BY SERVICE WEAPON,2023-10-24,0347, I66 EB RAMP TO RT286 SB / RT286 SB RAMP TO I66 EB,FAIRFAX,VA,22030
1,ASSLT-13B-1,ASSAULT - SIMPLE; NOT AGGRAVATED,2023-10-24,0315,1500 LINCOLN WAY,MCLEAN,VA,22102
2,DEST-290-2,DESTRUCTION - PRIVATE PROPERTY,2023-10-24,0315,1500 LINCOLN WAY,MCLEAN,VA,22102
1,SERV-37,SERVICE - MISSING JUVENILE,2023-10-24,0422,6100 WILLOWICK LN,SPRINGFIELD,VA,22152
1,TRES-90J-1,TRESPASSING - PRIVATE PROPERTY,2023-10-24,0424,8000 WESTPARK DR,MCLEAN,VA,22102
1,SUSP-1,SUSPICIOUS - EVENT,2023-10-24,0449,2100 GLENCOURSE LN,RESTON,VA,20191
1,ANML-4,ANIMAL - SERVICE - WILD,2023-10-24,0558,900 MONROE ST,HERNDON,VA,20170
2,SERV-6,SERVICE - ANIMAL DESTROYED BY SERVICE WEAPON,2023-10-24,0558,900 MONROE ST,HERNDON,VA,20170
1,SERV-33,SERVICE - NON DMV REPORTABLE CRASH,2023-10-24,0729,6500 OLD CENTREVILLE RD,CENTREVILLE,VA,20121
1,SERV-1,SERVICE - POLICE SERVICE,2023-10-24,0714,3700 SOUTH GEORGE MASON DR,FALLS CHURCH,VA,22041
1,SERV-29,SERVICE - DOMESTIC DISPUTE,2023-10-24,0705,4900 STONECROFT BLVD,CHANTILLY,VA,20120
1,SUSP-1,SUSPICIOUS - EVENT,2023-10-24,0625,3300 LEES CORNER RD,CHANTILLY,VA,20151
2,SERV-45,SRO RELATED EVENT,2023-10-24,0625,3300 LEES CORNER RD,CHANTILLY,VA,20151
1,SERV-1,SERVICE - POLICE SERVICE,2023-10-24,0721,8100 ROLLING RD,SPRINGFIELD,VA,22153
1,FRAUD-26C-1,FRAUD - IMPERSONATION,2023-10-24,0809,14200 HERITAGE CROSSING LN,CENTREVILLE,VA,20120
1,SERV-33,SERVICE - NON DMV REPORTABLE CRASH,2023-10-24,0755, FAIRFAX COUNTY PKWY NB / FRANKLIN FARM RD,HERNDON,VA,20171
1,SERV-1,SERVICE - POLICE SERVICE,2023-10-24,0748,9600 HAGEL CIR,LORTON,VA,22079
1,WARR-90Z-5,FUGITIVE - FUGITIVE FROM JUSTICE,2023-10-24,0743,10500 JUDICIAL DR,FAIRFAX,VA,22030
1,SUSP-1,SUSPICIOUS - EVENT,2023-10-24,0829,6100 ROLLING RD,SPRINGFIELD,VA,22152
1,SERV-6,SERVICE - ANIMAL DESTROYED BY SERVICE WEAPON,2023-10-24,0803,4300 STEVENS BATTLE LN,FAIRFAX,VA,22033
1,FRAUD-26C-1,FRAUD - IMPERSONATION,2023-10-24,0905,2400 MIDTOWN AVE,ALEXANDRIA,VA,22303
1,ASSLT-13B-1,ASSAULT - SIMPLE; NOT AGGRAVATED,2023-10-24,0820,8200 PAPER BIRCH DR,LORTON,VA,22079
1,SERV-33,SERVICE - NON DMV REPORTABLE CRASH,2023-10-24,0902,6500 LITTLE RIVER TPKE,ALEXANDRIA,VA,22312
1,SERV-8,SERVICE - LOST/FOUND PROPERTY,2023-10-24,0630, GLADE DR / SOUTH LAKES,RESTON,VA,
1,ANML-90Z-1,ANIMAL - RUNNING AT LARGE/UNRESTRICTED,2023-10-24,0947,12100 ELM FOREST WAY,FAIRFAX,VA,22030
2,ANML-90Z-2,ANIMAL - RABIES CERTIFICATE VIOLATION,2023-10-24,0947,12100 ELM FOREST WAY,FAIRFAX,VA,22030
3,ANML-90Z-2,ANIMAL - RABIES CERTIFICATE VIOLATION,2023-10-24,0947,12100 ELM FOREST WAY,FAIRFAX,VA,22030
1,LARC-23-3,LARCENY - SHOPLIFTING,2023-10-24,0700,6000 LEESBURG PIKE,FALLS CHURCH,VA,22041
1,SERV-47,SERVICE - NON-FATAL OVERDOSE (NFO),2023-10-24,0932,11200 WAPLES MILL RD,FAIRFAX,VA,22030
1,ASSLT-13C-3,THREATS - TELEPHONE THREATS/ABUSE/OBSCENE,2023-10-24,0815,5500 CHEROKEE AVE,ALEXANDRIA,VA,22312
1,SEX-90Z-1,SEX - INDECENT EXPOSURE,2023-10-24,0657,4100 FAIRFAX PKWY,ALEXANDRIA,VA,22312
2,SERV-45,SRO RELATED EVENT,2023-10-24,0657,4100 FAIRFAX PKWY,ALEXANDRIA,VA,22312
1,ABC-90Z-1,ABC - TOBACCO - SELL/PURCHASEPOSSESS BY MINOR,2023-10-24,1102,7200 COMMERCE ST,SPRINGFIELD,VA,22150
1,SERV-11,SERVICE - NATURAL DEATH,2023-10-24,0730,8700 VILLAGE GREEN CT,ALEXANDRIA,VA,22309
1,TRES-90J-1,TRESPASSING - PRIVATE PROPERTY,2023-10-24,1112,6300 BACKLICK RD,SPRINGFIELD,VA,22150
1,SERV-8,SERVICE - LOST/FOUND PROPERTY,2023-10-24,1131,2500 PARKERS LN,ALEXANDRIA,VA,22306
1,ASSLT-13B-1,ASSAULT - SIMPLE; NOT AGGRAVATED,2023-10-24,1049,6000 ARGYLE DR,FALLS CHURCH,VA,22041
1,SERV-47,SERVICE - NON-FATAL OVERDOSE (NFO),2023-10-24,1110,7000 CINDY LN,ANNANDALE,VA,22003
1,ASSLT-13B-1,ASSAULT - SIMPLE; NOT AGGRAVATED,2023-10-24,0650,4100 PICKETT RD,FAIRFAX,VA,22032
2,SERV-45,SRO RELATED EVENT,2023-10-24,0650,4100 PICKETT RD,FAIRFAX,VA,22032
1,SUSP-2,SUSPICIOUS - PERSON,2023-10-24,1214,6500 SPRINGFIELD MALL,SPRINGFIELD,VA,22150
1,SERV-33,SERVICE - NON DMV REPORTABLE CRASH,2023-10-24,0730, GEORGETOWN PIKE / HARVEY RD,MCLEAN,VA,22101
1,TAMP-290-3,TAMPERING - AUTO/TRUCK/OTHER VEHICLE,2023-10-24,1100,1700 PORT PL,RESTON,VA,20194
1,TRES-90J-1,TRESPASSING - PRIVATE PROPERTY,2023-10-24,1252,6200 BACKLICK RD,SPRINGFIELD,VA,22150
1,SERV-39,SERVICE - AVI THREAT SCHOOL,2023-10-24,1006,5800 OX RD,FAIRFAX STATION,VA,22015
1,SERV-1,SERVICE - POLICE SERVICE,2023-10-24,1246,14600 CREEK VALLEY CT,CENTREVILLE,VA,20120
1,ASSLT-13B-1,ASSAULT - SIMPLE; NOT AGGRAVATED,2023-10-24,1252,2800 ARLINGTON DR,ALEXANDRIA,VA,22306
1,SUSP-2,SUSPICIOUS - PERSON,2023-10-24,1257,6500 COLUMBIA PIKE,ANNANDALE,VA,22003
1,AUTO-240-4,AUTO THEFT - AUTOS,2023-10-24,1323,5500 BACKLICK RD,SPRINGFIELD,VA,22151
1,LARC-23-3,LARCENY - SHOPLIFTING,2023-10-24,1303,12000 FAIR OAKS SHOPPING CTR,FAIRFAX,VA,22033
1,SERV-11,SERVICE - NATURAL DEATH,2023-10-24,1257,8500 LANCASHIRE DR,SPRINGFIELD,VA,22151
1,ANML-90Z-1,ANIMAL - RUNNING AT LARGE/UNRESTRICTED,2023-10-24,1336, JEFF RYAN DR / MISTYVALE ST,HERNDON,VA,20170
2,ANML-90Z-3,ANIMAL - LICENSE VIOLATION,2023-10-24,1336, JEFF RYAN DR / MISTYVALE ST,HERNDON,VA,20170
1,SERV-1,SERVICE - POLICE SERVICE,2023-10-24,1359,9400 LORTON MARKET ST,LORTON,VA,22079
1,LARC-23-3,LARCENY - SHOPLIFTING,2023-10-24,1410,13000 ROUTE 50,FAIRFAX,VA,22033
1,SUSP-1,SUSPICIOUS - EVENT,2023-10-24,1447, RICHMOND HWY / WOODSIDE LN,LORTON,VA,22079
1,SUSP-1,SUSPICIOUS - EVENT,2023-10-24,1417,12600 BUILDERS RD,HERNDON,VA,20170
2,SERV-45,SRO RELATED EVENT,2023-10-24,0715,2700 POPKINS LN,ALEXANDRIA,VA,22306
1,ANML-3,ANIMAL - SERVICE - DOMESTIC,2023-10-24,1503,4000 SPRING RUN CT,CHANTILLY,VA,20151
1,FRAUD-26C-1,FRAUD - IMPERSONATION,2023-10-24,1530,11600 VALLEY RD,FAIRFAX,VA,22033
1,SUSP-1,SUSPICIOUS - EVENT,2023-10-24,1400,4200 STRINGFELLOW RD,FAIRFAX,VA,22033
2,SERV-45,SRO RELATED EVENT,2023-10-24,1400,4200 STRINGFELLOW RD,FAIRFAX,VA,22033
1,ANML-90Z-2,ANIMAL - RABIES CERTIFICATE VIOLATION,2023-10-24,0959,5800 HEMING AVE,SPRINGFIELD,VA,22151
2,ANML-90Z-3,ANIMAL - LICENSE VIOLATION,2023-10-24,0959,5800 HEMING AVE,SPRINGFIELD,VA,22151
1,ASSLT-13B-1,ASSAULT - SIMPLE; NOT AGGRAVATED,2023-10-24,1459,4700 GUINEA RD,FAIRFAX,VA,22032
1,SUSP-1,SUSPICIOUS - EVENT,2023-10-24,1433,1500 WESTMORELAND ST,MCLEAN,VA,22101
1,ASSLT-13A-1,ASSAULT - AGGRAVATED,2023-10-24,1550,9600 EATON WOODS PL,LORTON,VA,22079
2,ANML-720,ANIMAL - CRUELTY TO ANIMAL,2023-10-24,1550,9600 EATON WOODS PL,LORTON,VA,22079
1,SERV-29,SERVICE - DOMESTIC DISPUTE,2023-10-24,1530,2200 MOHEGAN DR,FALLS CHURCH,VA,22043
1,FRAUD-26C-1,FRAUD - IMPERSONATION,2023-10-24,1627,8500 BARRINGTON CT,SPRINGFIELD,VA,22152
1,SERV-1,SERVICE - POLICE SERVICE,2023-10-24,1613, GRIFFITH RD / PIMMIT DR,FALLS CHURCH,VA,22043
1,SERV-23,SERVICE - MISSING ADULT,2023-10-24,1555,2200 SPRINGWOOD DR,RESTON,VA,W
1,LARC-23-9,LARCENY -  ALL OTHER LARCENY,2023-10-24,1527,6600 RICHMOND HWY,ALEXANDRIA,VA,22306
1,ASSLT-13A-1,ASSAULT - AGGRAVATED,2023-10-24,1618,4600 NORTH CHAMBLISS ST,ALEXANDRIA,VA,22312
2,WEAP-520-1,WEAPONS - CONCEALED WEAPON VIOLATION,2023-10-24,1618,4600 NORTH CHAMBLISS ST,ALEXANDRIA,VA,22312
1,LARC-23-3,LARCENY - SHOPLIFTING,2023-10-24,1607,8600 RICHMOND HWY,ALEXANDRIA,VA,22309
1,ANML-3,ANIMAL - SERVICE - DOMESTIC,2023-10-24,1640,5800 ORCHARD HILL CT,CLIFTON,VA,20124
1,SERV-8,SERVICE - LOST/FOUND PROPERTY,2023-10-24,1620,2900 GALLOWS RD,FALLS CHURCH,VA,22042
1,LARC-23-3,LARCENY - SHOPLIFTING,2023-10-24,1649,6400 SPRINGFIELD MALL,SPRINGFIELD,VA,22150
1,SERV-39,SERVICE - AVI THREAT SCHOOL,2023-10-24,0800,9200 BURKE LAKE RD,BURKE,VA,22015
2,SERV-45,SRO RELATED EVENT,2023-10-24,0800,9200 BURKE LAKE RD,BURKE,VA,22015
1,TRES-90J-1,TRESPASSING - PRIVATE PROPERTY,2023-10-24,1641,5400 OAKWOOD RD,ALEXANDRIA,VA,22310
2,SERV-32,SERVICE - STOLEN AUTO RECOVERY OTHER JURISDICTION,2023-10-24,1641,5400 OAKWOOD RD,ALEXANDRIA,VA,22310
3,SERV-2,SERVICE - CIVIL DISPUTE,2023-10-24,1641,5400 OAKWOOD RD,ALEXANDRIA,VA,22310
1,SERV-6,SERVICE - ANIMAL DESTROYED BY SERVICE WEAPON,2023-10-24,1715, GEORGETOWN PIKE / OLD DOMINION DR,GREAT FALLS,VA,22102
1,SERV-5,SERVICE - ANIMAL DESTROYED BY CHEMICAL,2023-10-24,1657,7300 SILVER PINE DR,SPRINGFIELD,VA,22153
1,SERV-29,SERVICE - DOMESTIC DISPUTE,2023-10-24,1728,6900 VILLA-DEL-REY CT,SPRINGFIELD,VA,22150
1,DRUNK-90Z-1,DRUNK - DRUNK/PROFANE IN PUBLIC,2023-10-24,1726,1500 BELLE VIEW BLVD,ALEXANDRIA,VA,22307
1,ASSLT-13B-1,ASSAULT - SIMPLE; NOT AGGRAVATED,2023-10-24,1728,7900 JANNA LEE AVE,ALEXANDRIA,VA,22306
1,LARC-280-1,STOLEN PROPERTY: BUYING; RECEIVING; POSSESSING,2023-10-24,1735, EDSALL RD EB RAMP TO I395 SB / I395 NB RAMP TO EDSALL RD WB,FAIRFAX,VA,22312
1,SUSP-1,SUSPICIOUS - EVENT,2023-10-24,1751,14000 LOTUS LN,CENTREVILLE,VA,20120
1,SERV-33,SERVICE - NON DMV REPORTABLE CRASH,2023-10-24,1800, GALLOWS RD / MASONVILLE DR,FAIRFAX,VA,
1,LARC-23-3,LARCENY - SHOPLIFTING,2023-10-24,1820,6000 LEESBURG PIKE,FALLS CHURCH,VA,22041
1,SERV-8,SERVICE - LOST/FOUND PROPERTY,2023-10-24,1300,1900 LEONARD RD,FALLS CHURCH,VA,22043
1,ASSLT-13B-1,ASSAULT - SIMPLE; NOT AGGRAVATED,2023-10-24,1850,4100 CHANTILLY LACE CT,CHANTILLY,VA,20151
1,LARC-23-11,LARCENY - CHECKS; CREDIT CARDS; BANK NOTES; ETC.,2023-10-24,1700,11900 KILLINGSWORTH AVE,RESTON,VA,20194
2,FRAUD-26B-1,FRAUD - CREDIT CARD/AUTOMATED TELLER MACHINE FRAUD,2023-10-24,1700,11900 KILLINGSWORTH AVE,RESTON,VA,20194
1,SERV-29,SERVICE - DOMESTIC DISPUTE,2023-10-24,1524,4900 MANITOBA DR,ALEXANDRIA,VA,22312
1,LARC-23-3,LARCENY - SHOPLIFTING,2023-10-24,1840,1900 CHAIN BRIDGE RD,MCLEAN,VA,22102
1,WARR-90Z-4,WARRANT - WARRANT SERVICE,2023-10-24,1858,2600 ARLINGTON DR,ALEXANDRIA,VA,22306
2,SERV-29,SERVICE - DOMESTIC DISPUTE,2023-10-24,1821,9400 SHOUSE DR,VIENNA,VA,22182
1,DEST-290-2,DESTRUCTION - PRIVATE PROPERTY,2023-10-24,1821,9400 SHOUSE DR,VIENNA,VA,22182
1,ANML-90Z-1,ANIMAL - RUNNING AT LARGE/UNRESTRICTED,2023-10-24,1841,7000 WOODLAND DR,SPRINGFIELD,VA,22151
2,ANML-90Z-3,ANIMAL - LICENSE VIOLATION,2023-10-24,1841,7000 WOODLAND DR,SPRINGFIELD,VA,22151
1,LARC-23-3,LARCENY - SHOPLIFTING,2023-10-24,1530,6500 SPRINGFIELD MALL,SPRINGFIELD,VA,22150
1,SUSP-1,SUSPICIOUS - EVENT,2023-10-24,1906,7500 LINDBERG DR,ALEXANDRIA,VA,22306
1,LARC-23-3,LARCENY - SHOPLIFTING,2023-10-24,1653,6200 SEVEN CORNERS CTR,FALLS CHURCH,VA,22044
1,TRES-90J-1,TRESPASSING - PRIVATE PROPERTY,2023-10-24,1919,7000 COLUMBIA PIKE,ANNANDALE,VA,22003
1,ASSLT-13B-1,ASSAULT - SIMPLE; NOT AGGRAVATED,2023-10-24,1810, CHAIN BRIDGE RD / LEESBURG PIKE,VIENNA,VA,22182
1,LARC-23-3,LARCENY - SHOPLIFTING,2023-10-24,1826,11100 ROUTE 29,FAIRFAX,VA,22030
1,LARC-23-3,LARCENY - SHOPLIFTING,2023-10-24,1916,6100 ARLINGTON BLVD,FALLS CHURCH,VA,22044
1,SERV-6,SERVICE - ANIMAL DESTROYED BY SERVICE WEAPON,2023-10-24,1934, INNOVATION AVE / ROCK HILL RD,HERNDON,VA,20170
1,SERV-29,SERVICE - DOMESTIC DISPUTE,2023-10-24,1932,5700 COLCHESTER RD,CLIFTON,VA,20124
1,ASSLT-13B-1,ASSAULT - SIMPLE; NOT AGGRAVATED,2023-10-24,1905,2900 RITTENHOUSE CIR,FAIRFAX,VA,22031
1,SERV-29,SERVICE - DOMESTIC DISPUTE,2023-10-24,1951,9800 HAGEL CIR,LORTON,VA,22079
1,SERV-37,SERVICE - MISSING JUVENILE,2023-10-24,0840,14400 FALLSCLIFF LN,CENTREVILLE,VA,20120
1,SERV-1,SERVICE - POLICE SERVICE,2023-10-24,1947,7900 RICHMOND HWY,ALEXANDRIA,VA,22306
1,LARC-23-3,LARCENY - SHOPLIFTING,2023-10-24,1931,1500 BELLE VIEW BLVD,ALEXANDRIA,VA,22307
2,WEAP-520-9,WEAPONS - BRANDISHING,2023-10-24,1942,2200 HUNTERS WOODS PLZ,RESTON,VA,20191
1,ASSLT-13B-1,ASSAULT - SIMPLE; NOT AGGRAVATED,2023-10-24,1942,2200 HUNTERS WOODS PLZ,RESTON,VA,20191
1,LARC-23-4,LARCENY - THEFT FROM BUILDING,2023-10-24,1815,5500 LEESBURG PIKE,FALLS CHURCH,VA,22041
1,WARR-90Z-4,WARRANT - WARRANT SERVICE,2023-10-24,1919,1600 BECONTREE LN,RESTON,VA,20190
1,SERV-8,SERVICE - LOST/FOUND PROPERTY,2023-10-24,1811,11100 ROUTE 29,FAIRFAX,VA,22030
1,TAMP-290-3,TAMPERING - AUTO/TRUCK/OTHER VEHICLE,2023-10-24,1706,3500 PINETREE TER,FALLS CHURCH,VA,22041
1,ANML-90Z-1,ANIMAL - RUNNING AT LARGE/UNRESTRICTED,2023-10-24,1941,9000 ARMENDOWN DR,SPRINGFIELD,VA,22152
1,LARC-23-6,LARCENY - THEFT FROM MOTOR VEHICLE,2023-10-24,1949, RESTON PKWY / SOUTH LAKES DR,RESTON,VA,20191
1,SUSP-1,SUSPICIOUS - EVENT,2023-10-24,2102,2500 CENTREVILLE RD,HERNDON,VA,20171
1,DEST-290-2,DESTRUCTION - PRIVATE PROPERTY,2023-10-24,2105,3100 FURMAN LN,ALEXANDRIA,VA,22306
1,ASSLT-13A-2,ASSAULT - KNIFE OR CUTTING INSTRUMENT,2023-10-24,2052, 1ST RD / BRADDOCK RD,FAIRFAX,VA,22030
1,SUSP-1,SUSPICIOUS - EVENT,2023-10-24,1954,2000 PEACH ORCHARD DR,FALLS CHURCH,VA,22043
1,ASSLT-13B-2,ASSAULT - SIMPLE ASSAULT ON LEO,2023-10-24,1603, RICHMOND HWY / TELEGRAPH RD,FORT BELVOIR,VA,22060
1,TRES-90J-1,TRESPASSING - PRIVATE PROPERTY,2023-10-24,2004,11900 WINTERTHUR LN,RESTON,VA,20191
1,ANML-90Z-7,ANIMAL - OTHER ANIMAL CODE VIOLATION,2023-10-24,2110,6900 ESSEX AVE,SPRINGFIELD,VA,22150
1,ASSLT-13B-1,ASSAULT - SIMPLE; NOT AGGRAVATED,2023-10-24,2142,2300 EMERALD HEIGHTS CT,RESTON,VA,20191
1,WARR-90Z-4,WARRANT - WARRANT SERVICE,2023-10-24,2006,5500 OLD MILL RD,ALEXANDRIA,VA,22309
1,DRUG-35A-2,DRUGS - OPIUM/COCAINE POSSESS W/INT DIST,2023-10-24,2140, FORT HUNT RD / I ST,ALEXANDRIA,VA,22307
1,ASSLT-13B-1,ASSAULT - SIMPLE; NOT AGGRAVATED,2023-10-24,2129, CARRLEIGH PKWY / GREELEY BLVD,SPRINGFIELD,VA,22152
1,ASSLT-13B-1,ASSAULT - SIMPLE; NOT AGGRAVATED,2023-10-24,2208,7500 COLSHIRE DR,MCLEAN,VA,22102
2,DRUNK-90Z-1,DRUNK - DRUNK/PROFANE IN PUBLIC,2023-10-24,2208,7500 COLSHIRE DR,MCLEAN,VA,22102
1,SUSP-1,SUSPICIOUS - EVENT,2023-10-24,2155,2300 FREETOWN CT,RESTON,VA,20191
1,SERV-11,SERVICE - NATURAL DEATH,2023-10-24,0730,3000 RITTENHOUSE CIR,FAIRFAX,VA,22031
1,SUSP-1,SUSPICIOUS - EVENT,2023-10-24,2228,6200 RICHMOND HWY,ALEXANDRIA,VA,22303
1,SERV-1,SERVICE - POLICE SERVICE,2023-10-24,2219,2400 BUGLE LN,RESTON,VA,20191
1,SERV-2,SERVICE - CIVIL DISPUTE,2023-10-24,2243,7300 HAMPTON MANOR PL,SPRINGFIELD,VA,22150
1,LARC-23-9,LARCENY -  ALL OTHER LARCENY,2023-10-24,1735,12000 GREYWING SQ,RESTON,VA,20191
1,SERV-8,SERVICE - LOST/FOUND PROPERTY,2023-10-24,2247, AMHERST AVE / BLAND ST,SPRINGFIELD,VA,
1,SERV-29,SERVICE - DOMESTIC DISPUTE,2023-10-24,2242,2200 GINGELL PL,HERNDON,VA,20170
1,ASSLT-13A-1,ASSAULT - AGGRAVATED,2023-10-24,2313,11900 BARON CAMERON AVE,RESTON,VA,20190
2,WARR-90Z-4,WARRANT - WARRANT SERVICE,2023-10-24,2320, FRYE RD / POLE RD,ALEXANDRIA,VA,22309
1,DRUG-35A-1,DRUGS - OPIUM/COCAINE POSSESSION,2023-10-24,2320, FRYE RD / POLE RD,ALEXANDRIA,VA,22309
1,ASSLT-13B-1,ASSAULT - SIMPLE; NOT AGGRAVATED,2023-10-24,2315,2900 DISTRICT AVE,FAIRFAX,VA,22031
1,FRAUD-26A-1,FRAUD - FALSE PRETENSES/SWINDLE/CONFIDENCE GAME,2023-10-24,1954,10200 WENDOVER DR,VIENNA,VA,22181
1,LARC-23-11,LARCENY - CHECKS; CREDIT CARDS; BANK NOTES; ETC.,2023-10-24,1900,11900 WINTERTHUR LN,RESTON,VA,20191
2,FRAUD-26B-1,FRAUD - CREDIT CARD/AUTOMATED TELLER MACHINE FRAUD,2023-10-24,1900,11900 WINTERTHUR LN,RESTON,VA,20191
1,ASSLT-13B-1,ASSAULT - SIMPLE; NOT AGGRAVATED,2023-10-24,2136,8000 TYSONS CORNER CTR,MCLEAN,VA,22102
3,WARR-90Z-1,ORDER - VIOLATE EPO/PO/PPO,2023-10-24,2136,8000 TYSONS CORNER CTR,MCLEAN,VA,22102
2,DEST-290-2,DESTRUCTION - PRIVATE PROPERTY,2023-10-24,2136,8000 TYSONS CORNER CTR,MCLEAN,VA,22102
1,SERV-29,SERVICE - DOMESTIC DISPUTE,2023-10-24,2341,5800 CAMERON RUN TER,ALEXANDRIA,VA,22303
1,SERV-33,SERVICE - NON DMV REPORTABLE CRASH,2023-10-24,2341,5800 CAMERON RUN TER,ALEXANDRIA,VA,22303
2,LARC-23-9,LARCENY -  ALL OTHER LARCENY,2023-10-24,2339,1800 JONATHAN WAY,RESTON,VA,20190
1,ASSLT-13B-1,ASSAULT - SIMPLE; NOT AGGRAVATED,2023-10-24,2339,1800 JONATHAN WAY,RESTON,VA,20190
1,ASSLT-13B-1,ASSAULT - SIMPLE; NOT AGGRAVATED,2023-10-24,2142,2300 EMERALD HEIGHTS CT,RESTON,VA,20191
1,SERV-47,SERVICE - NON-FATAL OVERDOSE (NFO),2023-10-24,2100,2200 WESTMORELAND ST,FALLS CHURCH,VA,22043
2,SERV-45,SRO RELATED EVENT,2023-10-24,2100,2200 WESTMORELAND ST,FALLS CHURCH,VA,22043
2,SERV-999,POLICE PHONE REPORT,2023-10-24,0000,6000 KNOLLWOOD DR,FALLS CHURCH,VA,22041
1,LARC-23-9,LARCENY -  ALL OTHER LARCENY,2023-10-24,1856,4200 MARKHAM ST,ANNANDALE,VA,22003
1,SERV-11,SERVICE - NATURAL DEATH,2023-10-24,2200,2400 BABCOCK RD,VIENNA,VA,22181
1,ANML-90Z-6,ANIMAL - ANIMAL BITE - DOMESTIC,2023-10-24,1720,2600 BOWDOIN CIR,VIENNA,VA,22180
1,DEST-290-2,DESTRUCTION - PRIVATE PROPERTY,2023-10-24,0800,7900 AUDUBON AVE,ALEXANDRIA,VA,22306
1,ANML-3,ANIMAL - SERVICE - DOMESTIC,2023-10-24,0000,13900 GUNNERS PL,CENTREVILLE,VA,20121
1,SUSP-1,SUSPICIOUS - EVENT,2023-10-24,1630,14200 AUTUMN CIR,CENTREVILLE,VA,20121
1,SERV-8,SERVICE - LOST/FOUND PROPERTY,2023-10-24,1500,7000 GEORGETOWN PIKE,MCLEAN,VA,22101
2,SERV-999,POLICE PHONE REPORT,2023-10-24,1500,7000 GEORGETOWN PIKE,MCLEAN,VA,22101
1,LARC-23-6,LARCENY - THEFT FROM MOTOR VEHICLE,2023-10-24,2200,8300 GREENSBORO DR,MCLEAN,VA,22102
1,FRAUD-26A-1,FRAUD - FALSE PRETENSES/SWINDLE/CONFIDENCE GAME,2023-10-24,2233,14300 SUMMER TREE RD,CENTREVILLE,VA,20121
1,FRAUD-26A-1,FRAUD - FALSE PRETENSES/SWINDLE/CONFIDENCE GAME,2023-10-24,1400,9700 HATMARK CT,VIENNA,VA,22181
1,LARC-23-6,LARCENY - THEFT FROM MOTOR VEHICLE,2023-10-24,0200,7200 LARRUP CT,ALEXANDRIA,VA,22315
2,FORG-250-1,FORGERY - CREDIT CARD,2023-10-24,0200,7200 LARRUP CT,ALEXANDRIA,VA,22315
1,LARC-23-6,LARCENY - THEFT FROM MOTOR VEHICLE,2023-10-24,1600,5900 COVERDALE WAY,ALEXANDRIA,VA,22310
2,SERV-999,POLICE PHONE REPORT,2023-10-24,1600,5900 COVERDALE WAY,ALEXANDRIA,VA,22310
1,SUSP-1,SUSPICIOUS - EVENT,2023-10-24,1200,3300 BEECHCLIFF DR,ALEXANDRIA,VA,22306
1,AUTO-240-4,AUTO THEFT - AUTOS,2023-10-24,1900,2300 DULLES STATION BLVD,HERNDON,VA,20171
1,BURG-220-3,BURGLARY/BREAKING AND ENTERING,2023-10-24,2100,9100 BACKLICK RD,FORT BELVOIR,VA,22060
1,LARC-23-9,LARCENY -  ALL OTHER LARCENY,2023-10-24,1500,7400 SAINT MICHAEL`S LN,ANNANDALE,VA,22003
2,SERV-999,POLICE PHONE REPORT,2023-10-24,2230,3300 GALLOWS RD,FALLS CHURCH,VA,22042
1,LARC-23-6,LARCENY - THEFT FROM MOTOR VEHICLE,2023-10-24,1200,11800 SUNRISE VALLEY DR,RESTON,VA,20191
1,LARC-23-6,LARCENY - THEFT FROM MOTOR VEHICLE,2023-10-24,0000,6000 ESTATES DR,ALEXANDRIA,VA,22310
2,SERV-999,POLICE PHONE REPORT,2023-10-24,0000,6000 ESTATES DR,ALEXANDRIA,VA,22310
1,AUTO-240-4,AUTO THEFT - AUTOS,2023-10-24,1800,1500 BOYD POINTE WAY,VIENNA,VA,22182
1,TRES-90J-1,TRESPASSING - PRIVATE PROPERTY,2023-10-24,0000,5900 HIGHDALE CIR,ALEXANDRIA,VA,22310
2,SERV-999,POLICE PHONE REPORT,2023-10-24,0000,5900 HIGHDALE CIR,ALEXANDRIA,VA,22310
1,LARC-23-3,LARCENY - SHOPLIFTING,2023-10-24,1458,13000 FAIR LAKES SHOPPING CTR,FAIRFAX,VA,22033
1,SUSP-1,SUSPICIOUS - EVENT,2023-10-24,1100,1500 MCLEAN COMMONS CT,MCLEAN,VA,22101
1,SUSP-1,SUSPICIOUS - EVENT,2023-10-24,2100,7900 AUDUBON AVE,ALEXANDRIA,VA,22306
1,LARC-23-3,LARCENY - SHOPLIFTING,2023-10-24,1322,13000 FAIR LAKES SHOPPING CTR,FAIRFAX,VA,22033
1,AUTO-240-4,AUTO THEFT - AUTOS,2023-10-24,1200,1500 LINCOLN WAY,MCLEAN,VA,22102
1,SUSP-1,SUSPICIOUS - EVENT,2023-10-24,1000,1200 BELLE VISTA DR,ALEXANDRIA,VA,22307
1,TRES-90J-1,TRESPASSING - PRIVATE PROPERTY,2023-10-25,0030,6300 WALKER LN,ALEXANDRIA,VA,22310
1,ASSLT-13B-1,ASSAULT - SIMPLE; NOT AGGRAVATED,2023-10-25,0016,11900 BARON CAMERON AVE,RESTON,VA,20190
1,SERV-29,SERVICE - DOMESTIC DISPUTE,2023-10-25,0114,5700 REGIMENTAL CT,CENTREVILLE,VA,20120
1,LARC-23-3,LARCENY - SHOPLIFTING,2023-10-25,0143,7200 OLD KEENE MILL RD,SPRINGFIELD,VA,22150
1,DEST-290-2,DESTRUCTION - PRIVATE PROPERTY,2023-10-25,0259,1500 BOYD POINTE WAY,VIENNA,VA,22182
1,SERV-1,SERVICE - POLICE SERVICE,2023-10-25,0324,8100 LOISDALE RD,SPRINGFIELD,VA,22079
1,ASSLT-13B-1,ASSAULT - SIMPLE; NOT AGGRAVATED,2023-10-25,0319,13700 SAYWARD BLVD,HERNDON,VA,20171
2,WEAP-520-9,WEAPONS - BRANDISHING,2023-10-25,0319,13700 SAYWARD BLVD,HERNDON,VA,20171
1,SERV-29,SERVICE - DOMESTIC DISPUTE,2023-10-25,0615,11100 BOATHOUSE CT,RESTON,VA,20191
1,LARC-23-9,LARCENY -  ALL OTHER LARCENY,2023-10-25,0615,2300 HUNTINGTON AVE,ALEXANDRIA,VA,22303
1,ASSLT-13A-2,ASSAULT - KNIFE OR CUTTING INSTRUMENT,2023-10-25,0733,7700 BRANDEIS WAY,SPRINGFIELD,VA,22153
2,SEX-90Z-2,SEX - OTHER NON-FORCIBLE SEX VIOLATION,2023-10-25,0733,7700 BRANDEIS WAY,SPRINGFIELD,VA,22153
1,ANML-90Z-1,ANIMAL - RUNNING AT LARGE/UNRESTRICTED,2023-10-25,0656,2200 TERRA RIDGE DR,VIENNA,VA,22181
2,ANML-90Z-3,ANIMAL - LICENSE VIOLATION,2023-10-25,0656,2200 TERRA RIDGE DR,VIENNA,VA,22181
1,PARK-90Z-2,PARKING - OTHER PARKING VIOLATION,2023-10-25,0714, SILVERVIEW DR / TELEGRAPH CROSSING CT,LORTON,VA,22079
1,AUTO-240-4,AUTO THEFT - AUTOS,2023-10-25,0741,3100 MEMORIAL ST,ALEXANDRIA,VA,22306
1,FRAUD-26C-1,FRAUD - IMPERSONATION,2023-10-25,0903,7700 EAGLE AVE,ALEXANDRIA,VA,22306
1,ANML-3,ANIMAL - SERVICE - DOMESTIC,2023-10-25,0822,8000 ASHBORO DR,ALEXANDRIA,VA,22309
0,SERV-47,SERVICE - NON-FATAL OVERDOSE (NFO),2023-10-25,0857,8500 OLD MOUNT VERNON RD,ALEXANDRIA,VA,22309
1,SERV-45,SRO RELATED EVENT,2023-10-25,0857,8500 OLD MOUNT VERNON RD,ALEXANDRIA,VA,22309
1,FRAUD-26C-1,FRAUD - IMPERSONATION,2023-10-25,0943,3700 ROSE LN,ANNANDALE,VA,22003
1,ANML-90Z-3,ANIMAL - LICENSE VIOLATION,2023-10-25,0924,7300 BONNIEMILL LN,SPRINGFIELD,VA,22150
1,ASSLT-13A-1,ASSAULT - AGGRAVATED,2023-10-25,0853,9200 HEATHER RIDGE CT,LORTON,VA,22079
1,ASSLT-13B-1,ASSAULT - SIMPLE; NOT AGGRAVATED,2023-10-25,0920,8400 WHITE FEATHER CT,LORTON,VA,22079
1,TRES-90J-7,TRESPASSING - UNLAWFUL ENTRY,2023-10-25,0100,1500 BOYD POINTE WAY,VIENNA,VA,22182
1,SERV-29,SERVICE - DOMESTIC DISPUTE,2023-10-25,1007,3000 NUTLEY ST,FAIRFAX,VA,22031
1,LARC-23-3,LARCENY - SHOPLIFTING,2023-10-25,1034,1500 CORNERSIDE BLVD,VIENNA,VA,22182
1,SERV-1,SERVICE - POLICE SERVICE,2023-10-25,1057,4900 HERKIMER ST,ANNANDALE,VA,22003
1,WARR-90Z-4,WARRANT - WARRANT SERVICE,2023-10-25,1107,600 SOUTH PATRICK ST,ALEXANDRIA,VA,
1,ASSLT-13B-1,ASSAULT - SIMPLE; NOT AGGRAVATED,2023-10-25,1107,1800 GILSON ST,FALLS CHURCH,VA,22043
1,TRES-90J-1,TRESPASSING - PRIVATE PROPERTY,2023-10-25,1127,7800 HERITAGE DR,ANNANDALE,VA,22003
1,SERV-6,SERVICE - ANIMAL DESTROYED BY SERVICE WEAPON,2023-10-25,1126,1300 NEW BEDFORD LN,RESTON,VA,20194
1,SERV-11,SERVICE - NATURAL DEATH,2023-10-25,1140,1300 BEVERLY RD,MCLEAN,VA,22101
1,ASSLT-13B-1,ASSAULT - SIMPLE; NOT AGGRAVATED,2023-10-25,0900,8100 ROUTE 29,FALLS CHURCH,VA,22180
1,LARC-23-3,LARCENY - SHOPLIFTING,2023-10-25,1041,6000 LEESBURG PIKE,FALLS CHURCH,VA,22041
2,SERV-999,POLICE PHONE REPORT,2023-10-25,1041,6000 LEESBURG PIKE,FALLS CHURCH,VA,22041
1,SEX-90Z-2,SEX - OTHER NON-FORCIBLE SEX VIOLATION,2023-10-25,1250,12000 GOVERNMENT CENTER PKWY,FAIRFAX,VA,22035
1,ASSLT-13B-2,ASSAULT - SIMPLE ASSAULT ON LEO,2023-10-25,1240,7200 TAVENEER LN,ALEXANDRIA,VA,22306
1,SERV-29,SERVICE - DOMESTIC DISPUTE,2023-10-25,1248,6600 JACKSON FIELDS CT,CENTREVILLE,VA,20121
1,ASSLT-13B-1,ASSAULT - SIMPLE; NOT AGGRAVATED,2023-10-25,1234,7200 LARRUP CT,ALEXANDRIA,VA,22315
1,FRAUD-26C-1,FRAUD - IMPERSONATION,2023-10-25,1324,13700 WINDING OAK CIR,CENTREVILLE,VA,20121
1,SUSP-1,SUSPICIOUS - EVENT,2023-10-25,0945,4700 STONECROFT BLVD,CHANTILLY,VA,20151
2,SERV-45,SRO RELATED EVENT,2023-10-25,0945,4700 STONECROFT BLVD,CHANTILLY,VA,20151
1,SUSP-1,SUSPICIOUS - EVENT,2023-10-25,1235,3300 ALBION CT,FAIRFAX,VA,22031
2,SERV-47,SERVICE - NON-FATAL OVERDOSE (NFO),2023-10-25,1310,4700 MEDFORD DR,ANNANDALE,VA,22003
3,SERV-45,SRO RELATED EVENT,2023-10-25,1310,4700 MEDFORD DR,ANNANDALE,VA,22003
1,DRUG-35A-10,DRUGS - OTHER DANGEROUS DRUGS POSSESSION,2023-10-25,1310,4700 MEDFORD DR,ANNANDALE,VA,22003
1,SERV-8,SERVICE - LOST/FOUND PROPERTY,2023-10-25,1354,6100 FRANCONIA RD,ALEXANDRIA,VA,22310
1,SERV-2,SERVICE - CIVIL DISPUTE,2023-10-25,1322,4200 WADSWORTH CT,ANNANDALE,VA,22003
1,LARC-23-3,LARCENY - SHOPLIFTING,2023-10-25,1337,1500 CORNERSIDE BLVD,VIENNA,VA,22182
1,SERV-39,SERVICE - AVI THREAT SCHOOL,2023-10-25,1301,4500 DIXIE HILL RD,FAIRFAX,VA,22030
1,LARC-23-3,LARCENY - SHOPLIFTING,2023-10-25,1340,1900 CHAIN BRIDGE RD,MCLEAN,VA,22102
2,DRUG-35A-13,DRUGS - OTHER,2023-10-25,1340,1900 CHAIN BRIDGE RD,MCLEAN,VA,22102
1,TRES-90J-1,TRESPASSING - PRIVATE PROPERTY,2023-10-25,1423,5500 LEESBURG PIKE,FALLS CHURCH,VA,22041
1,ANML-90Z-6,ANIMAL - ANIMAL BITE - DOMESTIC,2023-10-25,0000,4000 LEGATO RD,FAIRFAX,VA,22033
1,ASSLT-13A-2,ASSAULT - KNIFE OR CUTTING INSTRUMENT,2023-10-25,1339,7400 WINDY HILL CT,MCLEAN,VA,22102
1,WARR-90Z-4,WARRANT - WARRANT SERVICE,2023-10-25,1400,1800 CAMERON GLEN DR,RESTON,VA,20190
1,LARC-23-3,LARCENY - SHOPLIFTING,2023-10-25,1430,3500 SOUTH JEFFERSON ST,FALLS CHURCH,VA,22041
1,SERV-29,SERVICE - DOMESTIC DISPUTE,2023-10-25,1424,2200 STONE WHEEL DR,RESTON,VA,20191
1,SERV-29,SERVICE - DOMESTIC DISPUTE,2023-10-25,1440,8400 WHITE FEATHER CT,LORTON,VA,22079
1,TRES-90J-1,TRESPASSING - PRIVATE PROPERTY,2023-10-25,1459,3000 SLEEPY HOLLOW RD,FALLS CHURCH,VA,22042
1,ANML-90Z-3,ANIMAL - LICENSE VIOLATION,2023-10-25,1420,6700 METROPOLITAN CENTER DR,SPRINGFIELD,VA,22150
2,ANML-90Z-7,ANIMAL - OTHER ANIMAL CODE VIOLATION,2023-10-25,1420,6700 METROPOLITAN CENTER DR,SPRINGFIELD,VA,22150
1,DISORD-90C-8,DISORDERLY - FALSE ALARM OR BOMB THREAT,2023-10-25,1455, BATH ST / HANOVER AVE,SPRINGFIELD,VA,22150
1,WARR-90Z-4,WARRANT - WARRANT SERVICE,2023-10-25,1521,10500 JUDICIAL DR,FAIRFAX,VA,22030
1,LARC-23-3,LARCENY - SHOPLIFTING,2023-10-25,1557,1900 CHAIN BRIDGE RD,MCLEAN,VA,22102
1,SUSP-2,SUSPICIOUS - PERSON,2023-10-25,1424,1800 KIRBY RD,MCLEAN,VA,22101
1,SUSP-1,SUSPICIOUS - EVENT,2023-10-25,0930,7800 WATER VALLEY CT,SPRINGFIELD,VA,22153
1,LARC-23-3,LARCENY - SHOPLIFTING,2023-10-25,1557,11800 FAIR OAKS SHOPPING CTR,FAIRFAX,VA,22033
1,DEST-290-2,DESTRUCTION - PRIVATE PROPERTY,2023-10-25,1501,13300 GLEN ECHO CIR,HERNDON,VA,20171
1,SUSP-2,SUSPICIOUS - PERSON,2023-10-25,0936,12200 FAIR LAKES PROMENADE DR,FAIRFAX,VA,22033
1,SERV-33,SERVICE - NON DMV REPORTABLE CRASH,2023-10-25,1551, KINGSTOWNE BLVD / SOUTH VAN DORN ST,ALEXANDRIA,VA,22315
1,EMBZ-270-1,EMBEZZLEMENT,2023-10-25,1508,7800 RICHMOND HWY,ALEXANDRIA,VA,22306
1,ASSLT-13B-1,ASSAULT - SIMPLE; NOT AGGRAVATED,2023-10-25,1551,12100 ABINGTON HALL PL,RESTON,VA,20190
2,ANML-90Z-1,ANIMAL - RUNNING AT LARGE/UNRESTRICTED,2023-10-25,1551,12100 ABINGTON HALL PL,RESTON,VA,20190
1,TRES-90J-1,TRESPASSING - PRIVATE PROPERTY,2023-10-25,1522,5900 TRINITY PKWY,CENTREVILLE,VA,20120
1,SERV-1,SERVICE - POLICE SERVICE,2023-10-25,1655, CENTREVILLE RD / MCLEAREN RD,HERNDON,VA,20171
1,SUSP-1,SUSPICIOUS - EVENT,2023-10-25,0923,9000 LORTON STATION BLVD,LORTON,VA,22079
2,SERV-999,POLICE PHONE REPORT,2023-10-25,0923,9000 LORTON STATION BLVD,LORTON,VA,22079
1,ANML-3,ANIMAL - SERVICE - DOMESTIC,2023-10-25,1629,1200 SPRINGTIDE PL,HERNDON,VA,20170
1,SERV-11,SERVICE - NATURAL DEATH,2023-10-25,1714,6500 MEDINAH LN,ALEXANDRIA,VA,22312
1,ASSLT-13B-1,ASSAULT - SIMPLE; NOT AGGRAVATED,2023-10-25,1631,11100 WAPLES MILL RD,FAIRFAX,VA,22030
1,ANML-90Z-1,ANIMAL - RUNNING AT LARGE/UNRESTRICTED,2023-10-25,1724,1600 SADLERS WELLS DR,HERNDON,VA,20170
2,ANML-90Z-3,ANIMAL - LICENSE VIOLATION,2023-10-25,1724,1600 SADLERS WELLS DR,HERNDON,VA,20170
1,ANML-90Z-3,ANIMAL - LICENSE VIOLATION,2023-10-25,1822,8300 CARRLEIGH PKWY,SPRINGFIELD,VA,22152
2,ANML-3,ANIMAL - SERVICE - DOMESTIC,2023-10-25,1822,8300 CARRLEIGH PKWY,SPRINGFIELD,VA,22152
1,ASSLT-13B-1,ASSAULT - SIMPLE; NOT AGGRAVATED,2023-10-25,1730,7000 SKYLES WAY,SPRINGFIELD,VA,22151
1,DISORD-90C-2,DISORDERLY - DISORDERLY CONDUCT,2023-10-25,1750,8100 ROUTE 29,FALLS CHURCH,VA,22042
1,DEST-290-2,DESTRUCTION - PRIVATE PROPERTY,2023-10-25,1811,13300 GLEN ECHO CIR,HERNDON,VA,20171
1,SERV-29,SERVICE - DOMESTIC DISPUTE,2023-10-25,1805,4500 KIELAND RIDGE RD,FAIRFAX,VA,22030
1,ANML-3,ANIMAL - SERVICE - DOMESTIC,2023-10-25,1759,3100 SOUTH MANCHESTER ST,FALLS CHURCH,VA,22044
1,DEST-290-2,DESTRUCTION - PRIVATE PROPERTY,2023-10-25,1823,13200 WOODLAND PARK RD,HERNDON,VA,20171
1,SUSP-1,SUSPICIOUS - EVENT,2023-10-25,1902, SOAPSTONE DR / STONEVIEW SQ,RESTON,VA,20191
1,DEST-290-7,DESTRUCTION - GRAFFITI,2023-10-25,1927,9300 ROUTE 29,FAIRFAX,VA,22031
1,LARC-23-3,LARCENY - SHOPLIFTING,2023-10-25,1828,7300 BOSTON BLVD,SPRINGFIELD,VA,22153
1,SERV-29,SERVICE - DOMESTIC DISPUTE,2023-10-25,1928,6800 SPRINGFIELD BLVD,SPRINGFIELD,VA,22150
1,WEAP-520-12,WEAPONS - OTHER,2023-10-25,1857,2900 DISTRICT AVE,FAIRFAX,VA,22031
1,SUSP-1,SUSPICIOUS - EVENT,2023-10-25,1955,1800 CAMERON GLEN DR,RESTON,VA,20190
1,DRUNK-90Z-1,DRUNK - DRUNK/PROFANE IN PUBLIC,2023-10-25,1827,6700 ARLINGTON BLVD,FALLS CHURCH,VA,22042
1,WARR-90Z-4,WARRANT - WARRANT SERVICE,2023-10-25,1937,3300 GLEN CARLYN DR,FALLS CHURCH,VA,22041
1,SERV-11,SERVICE - NATURAL DEATH,2023-10-25,1941,4800 KING SOLOMON DR,ANNANDALE,VA,22003
1,SERV-11,SERVICE - NATURAL DEATH,2023-10-25,1949,2100 CABOTS POINT LN,RESTON,VA,20191
1,SERV-1,SERVICE - POLICE SERVICE,2023-10-25,2011,7000 LITTLE RIVER TPKE,ANNANDALE,VA,22003
1,ASSLT-13B-1,ASSAULT - SIMPLE; NOT AGGRAVATED,2023-10-25,2044,6000 LEESBURG PIKE,FALLS CHURCH,VA,22041
1,WEAP-520-9,WEAPONS - BRANDISHING,2023-10-25,2036,4200 WADSWORTH CT,ANNANDALE,VA,22003
1,DRUG-35A-1,DRUGS - OPIUM/COCAINE POSSESSION,2023-10-25,2036,4200 WADSWORTH CT,ANNANDALE,VA,22003
3,SERV-37,SERVICE - MISSING JUVENILE,2023-10-25,2036,4200 WADSWORTH CT,ANNANDALE,VA,22003
1,LARC-23-3,LARCENY - SHOPLIFTING,2023-10-25,2059,3300 GLEN CARLYN DR,FALLS CHURCH,VA,22041
1,SERV-8,SERVICE - LOST/FOUND PROPERTY,2023-10-25,1830,1500 BOYD POINTE WAY,VIENNA,VA,22182
1,LARC-23-10,LARCENY - THEFT OF SERVICES,2023-10-25,2044,6400 BRANDON AVE,SPRINGFIELD,VA,22150
1,SERV-29,SERVICE - DOMESTIC DISPUTE,2023-10-25,2022,2900 ESPANA CT,FAIRFAX,VA,22031
1,SERV-47,SERVICE - NON-FATAL OVERDOSE (NFO),2023-10-25,2040,12100 SUNSET HILLS RD,RESTON,VA,20190
1,SERV-29,SERVICE - DOMESTIC DISPUTE,2023-10-25,2055,9800 HAGEL CIR,LORTON,VA,22079
1,SUSP-1,SUSPICIOUS - EVENT,2023-10-25,2051,11700 FAIR OAKS SHOPPING CTR,FAIRFAX,VA,22033
1,ASSLT-13B-1,ASSAULT - SIMPLE; NOT AGGRAVATED,2023-10-25,2018,3300 LOCKHEED BLVD,ALEXANDRIA,VA,22306
1,SERV-29,SERVICE - DOMESTIC DISPUTE,2023-10-25,2123,7700 BLUE JAY CT,ALEXANDRIA,VA,22306
1,LARC-23-3,LARCENY - SHOPLIFTING,2023-10-25,2053,2300 HUNTINGTON AVE,ALEXANDRIA,VA,22303
1,SERV-2,SERVICE - CIVIL DISPUTE,2023-10-25,2138,3200 HOLLY BERRY CT,FALLS CHURCH,VA,22042
1,SERV-29,SERVICE - DOMESTIC DISPUTE,2023-10-25,2205,4600 HUMMINGBIRD LN,FAIRFAX,VA,22033
2,DEST-290-2,DESTRUCTION - PRIVATE PROPERTY,2023-10-25,2112,10300 NEW GUINEA RD,FAIRFAX,VA,22032
1,LARC-23-3,LARCENY - SHOPLIFTING,2023-10-25,2112,10300 NEW GUINEA RD,FAIRFAX,VA,22032
1,TRES-90J-1,TRESPASSING - PRIVATE PROPERTY,2023-10-25,2216,3300 PEACOCK PL,ALEXANDRIA,VA,22306
1,SERV-29,SERVICE - DOMESTIC DISPUTE,2023-10-25,2228,8500 BERTSKY LN,LORTON,VA,22079
2,SERV-33,SERVICE - NON DMV REPORTABLE CRASH,2023-10-25,2256,7500 QUIGG ST,CLIFTON,VA,20124
1,DRUNK-90Z-1,DRUNK - DRUNK/PROFANE IN PUBLIC,2023-10-25,2256,7500 QUIGG ST,CLIFTON,VA,20124
1,SERV-11,SERVICE - NATURAL DEATH,2023-10-25,2228,3700 MADISON LN,FALLS CHURCH,VA,22041
1,WARR-90Z-4,WARRANT - WARRANT SERVICE,2023-10-25,2055,9800 HAGEL CIR,LORTON,VA,22079
1,SUSP-4,SUSPICIOUS - NOISE,2023-10-25,2340,1200 ROWLAND DR,HERNDON,VA,20170
1,SERV-1,SERVICE - POLICE SERVICE,2023-10-25,2340,5500 SEQUOIA FARMS DR,CENTREVILLE,VA,20120
1,ASSLT-13B-1,ASSAULT - SIMPLE; NOT AGGRAVATED,2023-10-25,2316,4200 AMERICANA DR,ANNANDALE,VA,22003
1,ASSLT-13C-3,THREATS - TELEPHONE THREATS/ABUSE/OBSCENE,2023-10-25,1614,4600 JOHN TYLER CT,ANNANDALE,VA,22003
1,SUSP-2,SUSPICIOUS - PERSON,2023-10-25,2356,9300 ROUTE 29,FAIRFAX,VA,22031
1,SERV-39,SERVICE - AVI THREAT SCHOOL,2023-10-25,1615,4900 WILLET DR,ANNANDALE,VA,22003
1,DEST-290-2,DESTRUCTION - PRIVATE PROPERTY,2023-10-25,1900,3400 HOLLY HILL RD,ALEXANDRIA,VA,22306
2,AUTO-240-4,AUTO THEFT - AUTOS,2023-10-25,2210,11600 NORTH SHORE DR,RESTON,VA,20190
1,LARC-23-6,LARCENY - THEFT FROM MOTOR VEHICLE,2023-10-25,2210,11600 NORTH SHORE DR,RESTON,VA,20190
1,DEST-290-2,DESTRUCTION - PRIVATE PROPERTY,2023-10-25,2230,11400 CYPRESS POINT CT,RESTON,VA,20190
1,DEST-290-2,DESTRUCTION - PRIVATE PROPERTY,2023-10-25,2340,11400 CYPRESS POINT CT,RESTON,VA,20190
1,LARC-23-3,LARCENY - SHOPLIFTING,2023-10-25,0400,5500 FRANCONIA RD,ALEXANDRIA,VA,22310
1,ANML-90Z-6,ANIMAL - ANIMAL BITE - DOMESTIC,2023-10-25,1730,1900 YEARLING CT,VIENNA,VA,22182
1,ASSLT-13B-1,ASSAULT - SIMPLE; NOT AGGRAVATED,2023-10-25,1700,5600 HARRINGTON FALLS LN,ALEXANDRIA,VA,22312
1,SERV-11,SERVICE - NATURAL DEATH,2023-10-25,1430,11500 LINKS DR,RESTON,VA,20190
1,LARC-23-6,LARCENY - THEFT FROM MOTOR VEHICLE,2023-10-25,1730,11800 SUNRISE VALLEY DR,RESTON,VA,20191
2,TRES-90J-1,TRESPASSING - PRIVATE PROPERTY,2023-10-25,1730,11800 SUNRISE VALLEY DR,RESTON,VA,20191
1,COMP-90Z-2,COMPUTER - HARRASS,2023-10-25,1810,4000 LEGATO RD,FAIRFAX,VA,22033
1,SERV-23,SERVICE - MISSING ADULT,2023-10-25,2300,7700 ROYSTON ST,ANNANDALE,VA,22003
1,DEST-290-2,DESTRUCTION - PRIVATE PROPERTY,2023-10-25,1930,2200 STONE WHEEL DR,RESTON,VA,20191
1,SERV-2,SERVICE - CIVIL DISPUTE,2023-10-25,2245,2800 POAG ST,ALEXANDRIA,VA,22303
1,AUTO-240-4,AUTO THEFT - AUTOS,2023-10-25,2300,11600 NORTH SHORE DR,RESTON,VA,20190
1,TRES-90J-1,TRESPASSING - PRIVATE PROPERTY,2023-10-25,1211,1700 ABERCROMBY CT,RESTON,VA,20190
1,SUSP-1,SUSPICIOUS - EVENT,2023-10-25,1000,5600 FRANCONIA RD,ALEXANDRIA,VA,22310
1,LARC-23-3,LARCENY - SHOPLIFTING,2023-10-25,1616,13000 FAIR LAKES SHOPPING CTR,FAIRFAX,VA,22033
1,LARC-23-6,LARCENY - THEFT FROM MOTOR VEHICLE,2023-10-25,0700,5900 COVERDALE WAY,ALEXANDRIA,VA,22310
1,DRUG-35A-10,DRUGS - OTHER DANGEROUS DRUGS POSSESSION,2023-10-26,0010,4200 WADSWORTH CT,ANNANDALE,VA,22003
2,WARR-90Z-4,WARRANT - WARRANT SERVICE,2023-10-26,0010,4200 WADSWORTH CT,ANNANDALE,VA,22003
1,ASSLT-13A-2,ASSAULT - KNIFE OR CUTTING INSTRUMENT,2023-10-26,0023,7000 SPRING GARDEN DR,SPRINGFIELD,VA,22150
1,SUSP-1,SUSPICIOUS - EVENT,2023-10-26,0034,3900 GALLOWS RD,ANNANDALE,VA,22003
1,SERV-1,SERVICE - POLICE SERVICE,2023-10-26,0051,3300 GLEN CARLYN DR,FALLS CHURCH,VA,22041
1,SUSP-1,SUSPICIOUS - EVENT,2023-10-26,0055,4800 BRADFORD DR,ANNANDALE,VA,22003
1,SERV-33,SERVICE - NON DMV REPORTABLE CRASH,2023-10-26,0119,4800 STONECROFT BLVD,CHANTILLY,VA,20151
1,SUSP-1,SUSPICIOUS - EVENT,2023-10-26,0155,3300 GALLOWS RD,FALLS CHURCH,VA,22042
1,SERV-1,SERVICE - POLICE SERVICE,2023-10-26,0300,3900 CENTERVIEW DR,CHANTILLY,VA,20151
1,AUTO-240-4,AUTO THEFT - AUTOS,2023-10-26,0311,2900 DISTRICT AVE,FAIRFAX,VA,22031
1,SERV-11,SERVICE - NATURAL DEATH,2023-10-26,0427,5500 KENDRICK LN,BURKE,VA,22015
1,SERV-33,SERVICE - NON DMV REPORTABLE CRASH,2023-10-26,0616, FAIRFAX COUNTY PKWY / I95,SPRINGFIELD,VA,22150
1,SERV-29,SERVICE - DOMESTIC DISPUTE,2023-10-26,0646,7100 MINT PL,ALEXANDRIA,VA,22306
1,SERV-1,SERVICE - POLICE SERVICE,2023-10-26,0647,7600 LITTLE RIVER TPKE,ANNANDALE,VA,22003
1,SERV-1,SERVICE - POLICE SERVICE,2023-10-26,0701, DRAPER DR / KINGSBRIDGE DR,FAIRFAX,VA,22031
1,FRAUD-26A-1,FRAUD - FALSE PRETENSES/SWINDLE/CONFIDENCE GAME,2023-10-26,0735,7800 HOLMES RUN DR,FALLS CHURCH,VA,22042
1,FRAUD-26C-1,FRAUD - IMPERSONATION,2023-10-26,0808,2400 PHILLIPS DR,ALEXANDRIA,VA,22306
1,SERV-2,SERVICE - CIVIL DISPUTE,2023-10-26,0819,8100 TERMINAL RD,LORTON,VA,22079
1,LARC-23-3,LARCENY - SHOPLIFTING,2023-10-26,0845,6700 RICHMOND HWY,ALEXANDRIA,VA,22306
1,SERV-1,SERVICE - POLICE SERVICE,2023-10-26,0902,9400 FAIRLEIGH CT,BURKE,VA,22015
1,LARC-23-9,LARCENY -  ALL OTHER LARCENY,2023-10-26,0839,8900 BURKE RD,BURKE,VA,22015
1,DEST-290-2,DESTRUCTION - PRIVATE PROPERTY,2023-10-26,0100,11400 CYPRESS POINT CT,RESTON,VA,20190
1,SERV-37,SERVICE - MISSING JUVENILE,2023-10-26,0906,3600 MALIBU CIR,FALLS CHURCH,VA,22041
1,SERV-1,SERVICE - POLICE SERVICE,2023-10-26,0858,6500 COLUMBIA PIKE,ANNANDALE,VA,22003
1,SERV-8,SERVICE - LOST/FOUND PROPERTY,2023-10-26,0828,8000 HATTERAS LN,SPRINGFIELD,VA,22151
2,SERV-45,SRO RELATED EVENT,2023-10-26,0811,8500 OLD MOUNT VERNON RD,ALEXANDRIA,VA,22309
1,DEST-290-2,DESTRUCTION - PRIVATE PROPERTY,2023-10-26,0843,2400 LITTLE CURRENT DR,HERNDON,VA,20171
1,LARC-23-6,LARCENY - THEFT FROM MOTOR VEHICLE,2023-10-26,0650,2000 COLTS NECK RD,RESTON,VA,20191
1,LARC-23-6,LARCENY - THEFT FROM MOTOR VEHICLE,2023-10-26,0657,2000 COLTS NECK RD,RESTON,VA,20191
1,SERV-33,SERVICE - NON DMV REPORTABLE CRASH,2023-10-26,0823,5600 MOUNT VERNON MEMORIAL HWY,ALEXANDRIA,VA,22309
1,FRAUD-26A-1,FRAUD - FALSE PRETENSES/SWINDLE/CONFIDENCE GAME,2023-10-26,1007,1500 ANDERSON RD,MCLEAN,VA,22102
1,LARC-23-3,LARCENY - SHOPLIFTING,2023-10-26,0809,5500 FRANCONIA RD,ALEXANDRIA,VA,22310
1,SERV-1,SERVICE - POLICE SERVICE,2023-10-26,0909,7700 DONNYBROOK CT,ANNANDALE,VA,22003
1,FRAUD-26C-1,FRAUD - IMPERSONATION,2023-10-26,1029,11700 ARBOR GLEN WAY,RESTON,VA,20194
1,ASSLT-13C-5,THREATS - IN WRITING,2023-10-26,1016,8200 WILLOW OAKS CORPORATE DR,FAIRFAX,VA,22031
1,SERV-1,SERVICE - POLICE SERVICE,2023-10-26,1047,6500 COLUMBIA PIKE,ANNANDALE,VA,22003
1,ASSLT-13B-1,ASSAULT - SIMPLE; NOT AGGRAVATED,2023-10-26,1023,12100 SUNSET HILLS RD,RESTON,VA,20190
2,DISORD-90C-2,DISORDERLY - DISORDERLY CONDUCT,2023-10-26,1023,12100 SUNSET HILLS RD,RESTON,VA,20190
1,ANML-90Z-6,ANIMAL - ANIMAL BITE - DOMESTIC,2023-10-26,1031,11500 CLARA BARTON DR,FAIRFAX STATION,VA,22039
2,ANML-90Z-3,ANIMAL - LICENSE VIOLATION,2023-10-26,1031,11500 CLARA BARTON DR,FAIRFAX STATION,VA,22039
3,ANML-90Z-1,ANIMAL - RUNNING AT LARGE/UNRESTRICTED,2023-10-26,1031,11500 CLARA BARTON DR,FAIRFAX STATION,VA,22039
1,SERV-1,SERVICE - POLICE SERVICE,2023-10-26,1000,5700 HERITAGE CROSSING CT,CENTREVILLE,VA,20120
1,SERV-11,SERVICE - NATURAL DEATH,2023-10-26,1053,6100 MANTLE RD,BURKE,VA,22015
1,LARC-23-9,LARCENY -  ALL OTHER LARCENY,2023-10-26,0945, CONFERENCE CENTER DR / STONECROFT BLVD,CHANTILLY,VA,20151
1,LARC-23-3,LARCENY - SHOPLIFTING,2023-10-26,1053,12700 SHOPPES LN,FAIRFAX,VA,22033
1,AUTO-240-4,AUTO THEFT - AUTOS,2023-10-26,0030,3100 FURMAN LN,ALEXANDRIA,VA,22306
1,WARR-90Z-4,WARRANT - WARRANT SERVICE,2023-10-26,1105,5900 RICHMOND HWY,ALEXANDRIA,VA,22303
1,TRES-90J-1,TRESPASSING - PRIVATE PROPERTY,2023-10-26,1145,3500 SOUTH JEFFERSON ST,FALLS CHURCH,VA,22041
1,SERV-23,SERVICE - MISSING ADULT,2023-10-26,1100,6900 RUSKIN ST,SPRINGFIELD,VA,22150
1,ANML-90Z-1,ANIMAL - RUNNING AT LARGE/UNRESTRICTED,2023-10-26,1126,5000 TIBBITT LN,BURKE,VA,22015
2,ANML-90Z-3,ANIMAL - LICENSE VIOLATION,2023-10-26,1126,5000 TIBBITT LN,BURKE,VA,22015
3,ANML-90Z-2,ANIMAL - RABIES CERTIFICATE VIOLATION,2023-10-26,1126,5000 TIBBITT LN,BURKE,VA,22015
1,SERV-6,SERVICE - ANIMAL DESTROYED BY SERVICE WEAPON,2023-10-26,1126, FAIRFAX COUNTY PKWY SB / HUNTSMAN BLVD,SPRINGFIELD,VA,22153
1,SERV-29,SERVICE - DOMESTIC DISPUTE,2023-10-26,1116,6700 METROPOLITAN CENTER DR,SPRINGFIELD,VA,22150
2,DRUNK-90Z-1,DRUNK - DRUNK/PROFANE IN PUBLIC,2023-10-26,1136,9300 ROUTE 29,FAIRFAX,VA,22031
1,LARC-23-3,LARCENY - SHOPLIFTING,2023-10-26,1136,9300 ROUTE 29,FAIRFAX,VA,22031
1,SERV-2,SERVICE - CIVIL DISPUTE,2023-10-26,1210,2500 PARKERS LN,ALEXANDRIA,VA,22306
1,DEST-290-2,DESTRUCTION - PRIVATE PROPERTY,2023-10-26,0200,2400 THOMAS JEFFERSON DR,HERNDON,VA,20171
1,ANML-4,ANIMAL - SERVICE - WILD,2023-10-26,1240, FAIRFAX COUNTY PKWY SB / MODISTO LN,SPRINGFIELD,VA,22153
2,SERV-6,SERVICE - ANIMAL DESTROYED BY SERVICE WEAPON,2023-10-26,1240, FAIRFAX COUNTY PKWY SB / MODISTO LN,SPRINGFIELD,VA,22153
1,ANML-4,ANIMAL - SERVICE - WILD,2023-10-26,1226,7800 MARTHA WASHINGTON ST,ALEXANDRIA,VA,22309
1,SERV-8,SERVICE - LOST/FOUND PROPERTY,2023-10-26,0430,11800 SUNRISE VALLEY DR,RESTON,VA,20191
1,ASSLT-13B-1,ASSAULT - SIMPLE; NOT AGGRAVATED,2023-10-26,1244,9600 BURKE LAKE RD,BURKE,VA,22015
1,ANML-90Z-6,ANIMAL - ANIMAL BITE - DOMESTIC,2023-10-26,1107,4400 AIRLIE WAY,ANNANDALE,VA,22003
1,SERV-8,SERVICE - LOST/FOUND PROPERTY,2023-10-26,1334,1800 CAMERON GLEN DR,RESTON,VA,20190
1,LARC-23-3,LARCENY - SHOPLIFTING,2023-10-26,1215,8000 ROLLING RD,SPRINGFIELD,VA,22153
1,SERV-47,SERVICE - NON-FATAL OVERDOSE (NFO),2023-10-26,1344,8400 FRYE RD,ALEXANDRIA,VA,22309
1,SERV-29,SERVICE - DOMESTIC DISPUTE,2023-10-26,1313,11200 LEATHERWOOD DR,RESTON,VA,20191
1,SERV-8,SERVICE - LOST/FOUND PROPERTY,2023-10-26,1208,6100 FRANCONIA RD,ALEXANDRIA,VA,22310
1,DISORD-90C-2,DISORDERLY - DISORDERLY CONDUCT,2023-10-26,1315,11900 BARON CAMERON AVE,RESTON,VA,20190
1,SERV-1,SERVICE - POLICE SERVICE,2023-10-26,1410,6700 ARLINGTON BLVD,FALLS CHURCH,VA,22042
1,ANML-3,ANIMAL - SERVICE - DOMESTIC,2023-10-26,1406,13800 NEWPORT LN,CHANTILLY,VA,20151
1,FRAUD-26C-1,FRAUD - IMPERSONATION,2023-10-26,1438,11400 WOLFS LNDG,FAIRFAX STATION,VA,22039
1,LARC-23-3,LARCENY - SHOPLIFTING,2023-10-26,1400,8300 LEESBURG PIKE,VIENNA,VA,22182
1,TRES-90J-1,TRESPASSING - PRIVATE PROPERTY,2023-10-26,1413,12100 SUNSET HILLS RD,RESTON,VA,20190
1,ANML-90Z-6,ANIMAL - ANIMAL BITE - DOMESTIC,2023-10-26,1419,12800 MILLING STONE TER,HERNDON,VA,20171
1,ANML-90Z-1,ANIMAL - RUNNING AT LARGE/UNRESTRICTED,2023-10-26,1357,2200 WOODFORD RD,VIENNA,VA,22182
1,SERV-5,SERVICE - ANIMAL DESTROYED BY CHEMICAL,2023-10-26,1516,4600 WEST OX RD,FAIRFAX,VA,22030
1,WARR-90Z-4,WARRANT - WARRANT SERVICE,2023-10-26,1521,10500 JUDICIAL DR,FAIRFAX,VA,22030
1,ANML-90Z-3,ANIMAL - LICENSE VIOLATION,2023-10-26,1300,7300 GORDONS RD,FALLS CHURCH,VA,22043
2,ANML-90Z-1,ANIMAL - RUNNING AT LARGE/UNRESTRICTED,2023-10-26,1300,7300 GORDONS RD,FALLS CHURCH,VA,22043
1,DRUG-35A-1,DRUGS - OPIUM/COCAINE POSSESSION,2023-10-26,1459,6000 KNOLLWOOD DR,FALLS CHURCH,VA,22041
2,SEX-90Z-1,SEX - INDECENT EXPOSURE,2023-10-26,1459,6000 KNOLLWOOD DR,FALLS CHURCH,VA,22041
1,ASSLT-13B-1,ASSAULT - SIMPLE; NOT AGGRAVATED,2023-10-26,1448,1800 CAMERON GLEN DR,RESTON,VA,20190
1,FRAUD-26C-1,FRAUD - IMPERSONATION,2023-10-26,1552,9300 SCHUBERT CT,VIENNA,VA,22182
1,ASSLT-13B-1,ASSAULT - SIMPLE; NOT AGGRAVATED,2023-10-26,1524,12600 BUILDERS RD,HERNDON,VA,20170
1,SERV-29,SERVICE - DOMESTIC DISPUTE,2023-10-26,1449,900 PEACOCK STATION RD,MCLEAN,VA,22102
1,SERV-8,SERVICE - LOST/FOUND PROPERTY,2023-10-26,1608,6600 COLUMBIA PIKE,ANNANDALE,VA,22003
1,ANML-3,ANIMAL - SERVICE - DOMESTIC,2023-10-26,1552,8800 HIBISCUS CT,LORTON,VA,22079
1,SERV-1,SERVICE - POLICE SERVICE,2023-10-26,1442,13600 OLD CHATWOOD PL,CHANTILLY,VA,20151
1,LARC-23-3,LARCENY - SHOPLIFTING,2023-10-26,1100,13000 FAIR LAKES SHOPPING CTR,FAIRFAX,VA,22033
1,SUSP-1,SUSPICIOUS - EVENT,2023-10-26,1644,11900 FAIR OAKS SHOPPING CTR,FAIRFAX,VA,22033
1,TRES-90J-1,TRESPASSING - PRIVATE PROPERTY,2023-10-26,1507,5500 LEESBURG PIKE,FALLS CHURCH,VA,22041
1,SERV-11,SERVICE - NATURAL DEATH,2023-10-26,1624,6600 WAKEFIELD DR,ALEXANDRIA,VA,22307
1,ASSLT-13B-1,ASSAULT - SIMPLE; NOT AGGRAVATED,2023-10-26,1625,13100 TALL SHADOWS LN,FAIRFAX,VA,22033
1,ASSLT-13B-1,ASSAULT - SIMPLE; NOT AGGRAVATED,2023-10-26,1030,700 LIVE OAK DR,MCLEAN,VA,22101
1,LARC-23-11,LARCENY - CHECKS; CREDIT CARDS; BANK NOTES; ETC.,2023-10-26,1320,4500 MARKET COMMONS DR,FAIRFAX,VA,22033
2,FRAUD-26B-1,FRAUD - CREDIT CARD/AUTOMATED TELLER MACHINE FRAUD,2023-10-26,1320,4500 MARKET COMMONS DR,FAIRFAX,VA,22033
1,SERV-33,SERVICE - NON DMV REPORTABLE CRASH,2023-10-26,1656, NUTLEY ST / SAINTSBURY DR,FAIRFAX,VA,22031
1,SUSP-1,SUSPICIOUS - EVENT,2023-10-26,1740, TENT CITY,RESTON,VA,20190
1,SUSP-1,SUSPICIOUS - EVENT,2023-10-26,1738,13800 ROUTE 29,CENTREVILLE,VA,20120
1,ASSLT-13C-5,THREATS - IN WRITING,2023-10-26,1727,7200 LIVERPOOL CT,ALEXANDRIA,VA,22315
1,ANML-90Z-6,ANIMAL - ANIMAL BITE - DOMESTIC,2023-10-26,1605,5000 GREENHOUSE TER,CENTREVILLE,VA,20120
2,ANML-90Z-2,ANIMAL - RABIES CERTIFICATE VIOLATION,2023-10-26,1605,5000 GREENHOUSE TER,CENTREVILLE,VA,20120
1,ASSLT-13B-1,ASSAULT - SIMPLE; NOT AGGRAVATED,2023-10-26,1709,4900 SAUQUOIT LN,ANNANDALE,VA,22003
2,DEST-290-2,DESTRUCTION - PRIVATE PROPERTY,2023-10-26,1709,4900 SAUQUOIT LN,ANNANDALE,VA,22003
1,SERV-1,SERVICE - POLICE SERVICE,2023-10-26,1742,5500 HEMPSTEAD WAY,SPRINGFIELD,VA,22151
1,ASSLT-13B-1,ASSAULT - SIMPLE; NOT AGGRAVATED,2023-10-26,1749,7100 GALESVILLE PL,ANNANDALE,VA,22003
1,SERV-33,SERVICE - NON DMV REPORTABLE CRASH,2023-10-26,1855, BACKLICK RD / COLUMBIA PIKE,ANNANDALE,VA,22003
1,SERV-29,SERVICE - DOMESTIC DISPUTE,2023-10-26,1741,6600 RIDGEWAY DR,SPRINGFIELD,VA,22150
1,SERV-1,SERVICE - POLICE SERVICE,2023-10-26,1742,6400 GENERAL GREEN WAY,ALEXANDRIA,VA,22312
1,SERV-29,SERVICE - DOMESTIC DISPUTE,2023-10-26,1826,4200 RIDGE TOP RD,FAIRFAX,VA,22030
1,SUSP-1,SUSPICIOUS - EVENT,2023-10-26,1718,6100 ROLLING RD,SPRINGFIELD,VA,22152
1,PARK-90Z-1,PARKING - INOPERATIVE/ABANDONED VEHICLE,2023-10-26,1757, DOLSIE GROVE DR / SURRY GROVE CT,LORTON,VA,22079
1,ANML-90Z-6,ANIMAL - ANIMAL BITE - DOMESTIC,2023-10-26,1918,8000 RESERVE WAY,VIENNA,VA,22182
1,DISORD-90C-2,DISORDERLY - DISORDERLY CONDUCT,2023-10-26,1929,12900 FAIR LAKES SHOPPING CTR,FAIRFAX,VA,22033
1,SERV-8,SERVICE - LOST/FOUND PROPERTY,2023-10-26,1726,4000 PICKSTONE DR,FAIRFAX,VA,22032
1,SUSP-1,SUSPICIOUS - EVENT,2023-10-26,1948,6300 SPRINGFIELD PLZ,SPRINGFIELD,VA,22150
1,ASSLT-13B-1,ASSAULT - SIMPLE; NOT AGGRAVATED,2023-10-26,2008,4300 FIELDING ST,ALEXANDRIA,VA,22309
1,ROB-120-7,ROBBERY - PERSON,2023-10-26,2026,7400 LITTLE RIVER TPKE,ANNANDALE,VA,22003
1,SERV-33,SERVICE - NON DMV REPORTABLE CRASH,2023-10-26,1913, KINGSTOWNE BLVD / SOUTH VAN DORN ST,ALEXANDRIA,VA,22315
1,TRES-90J-1,TRESPASSING - PRIVATE PROPERTY,2023-10-26,1940,1200 INGLESIDE AVE,MCLEAN,VA,22101
1,SERV-29,SERVICE - DOMESTIC DISPUTE,2023-10-26,2014,6000 INDEPENDENCE WAY,ALEXANDRIA,VA,22312
1,SERV-8,SERVICE - LOST/FOUND PROPERTY,2023-10-26,2000,13000 ROUTE 50,FAIRFAX,VA,22033
2,SERV-999,POLICE PHONE REPORT,2023-10-26,2027,2800 EMMA LEE ST,FALLS CHURCH,VA,22042
1,ASSLT-13B-1,ASSAULT - SIMPLE; NOT AGGRAVATED,2023-10-26,1953,4100 WADSWORTH CT,ANNANDALE,VA,22003
1,SERV-29,SERVICE - DOMESTIC DISPUTE,2023-10-26,1943,13300 FAIRFIELD RIDGE AVE,HERNDON,VA,20171
1,LARC-23-3,LARCENY - SHOPLIFTING,2023-10-26,2019,3500 SOUTH JEFFERSON ST,FALLS CHURCH,VA,22041
1,PUB-90Z-6,PUBLIC SAFETY - OBSTRUCTION OF JUSTICE,2023-10-26,2033,13400 FARMCREST CT,HERNDON,VA,20171
1,SERV-29,SERVICE - DOMESTIC DISPUTE,2023-10-26,2009,8500 BARRINGTON CT,SPRINGFIELD,VA,22152
1,ANML-90Z-3,ANIMAL - LICENSE VIOLATION,2023-10-26,2136,4900 SAUQUOIT LN,ANNANDALE,VA,22003
2,ANML-90Z-7,ANIMAL - OTHER ANIMAL CODE VIOLATION,2023-10-26,2136,4900 SAUQUOIT LN,ANNANDALE,VA,22003
3,ANML-90Z-2,ANIMAL - RABIES CERTIFICATE VIOLATION,2023-10-26,2136,4900 SAUQUOIT LN,ANNANDALE,VA,22003
1,ANML-90Z-1,ANIMAL - RUNNING AT LARGE/UNRESTRICTED,2023-10-26,2127,13500 TABSCOTT DR,CHANTILLY,VA,20151
2,ANML-90Z-3,ANIMAL - LICENSE VIOLATION,2023-10-26,2127,13500 TABSCOTT DR,CHANTILLY,VA,20151
3,ANML-90Z-2,ANIMAL - RABIES CERTIFICATE VIOLATION,2023-10-26,2127,13500 TABSCOTT DR,CHANTILLY,VA,20151
1,DRUG-35A-10,DRUGS - OTHER DANGEROUS DRUGS POSSESSION,2023-10-26,2126, MARIPOSA PL / SEVEN WOODS DR,ALEXANDRIA,VA,22309
1,SERV-29,SERVICE - DOMESTIC DISPUTE,2023-10-26,2009,1600 INTERNATIONAL DR,MCLEAN,VA,22102
1,EXTOR-210-1,EXTORTION/BLACKMAIL,2023-10-26,2050,10200 CHASE COMMONS DR,BURKE,VA,22015
1,SUSP-1,SUSPICIOUS - EVENT,2023-10-26,1502,2400 GLENGYLE DR,VIENNA,VA,22181
1,TRES-90J-1,TRESPASSING - PRIVATE PROPERTY,2023-10-26,2147,8300 WOODLEA MILL RD,MCLEAN,VA,22102
1,AUTO-240-6,AUTO THEFT - OTHER VEHICLES,2023-10-26,2214,5800 KINGSTOWNE BLVD,ALEXANDRIA,VA,22315
1,TRES-90J-7,TRESPASSING - UNLAWFUL ENTRY,2023-10-26,2147,7000 SKYLES WAY,SPRINGFIELD,VA,22151
1,LARC-23-9,LARCENY -  ALL OTHER LARCENY,2023-10-26,2201,6400 GILDAR ST,ALEXANDRIA,VA,22310
1,SUSP-1,SUSPICIOUS - EVENT,2023-10-26,2221,3300 GLEN CARLYN DR,FALLS CHURCH,VA,22041
1,DEST-290-2,DESTRUCTION - PRIVATE PROPERTY,2023-10-26,2235,4500 KING EDWARD CT,ANNANDALE,VA,22003
1,LARC-23-9,LARCENY -  ALL OTHER LARCENY,2023-10-26,2230,5200 CHEROKEE AVE,ALEXANDRIA,VA,22312
1,LARC-23-12,LARCENY - ANIMALS/LIVESTOCK,2023-10-26,2157,7200 GILES PL,SPRINGFIELD,VA,22150
1,ASSLT-13A-1,ASSAULT - AGGRAVATED,2023-10-26,2245,14400 GOLDEN OAK RD,CENTREVILLE,VA,20121
1,ASSLT-13B-1,ASSAULT - SIMPLE; NOT AGGRAVATED,2023-10-26,2325,12700 SHOPPES LN,FAIRFAX,VA,22033
2,LARC-23-9,LARCENY -  ALL OTHER LARCENY,2023-10-26,2325,12700 SHOPPES LN,FAIRFAX,VA,22033
1,SERV-29,SERVICE - DOMESTIC DISPUTE,2023-10-26,2301,3000 PATRICK HENRY DR,FALLS CHURCH,VA,22044
1,DRUG-35A-1,DRUGS - OPIUM/COCAINE POSSESSION,2023-10-26,2302,7200 ARLINGTON BLVD,FALLS CHURCH,VA,22042
1,SERV-29,SERVICE - DOMESTIC DISPUTE,2023-10-26,2257,8500 FORRESTER BLVD,SPRINGFIELD,VA,22152
1,TRES-90J-3,TRESPASSING - PUBLIC/PARK PROPERTY,2023-10-26,2217,900 SPRINGVALE RD,GREAT FALLS,VA,22066
1,WARR-90Z-4,WARRANT - WARRANT SERVICE,2023-10-26,2247,12000 GOVERNMENT CENTER PKWY,FAIRFAX,VA,22035
1,AUTO-240-4,AUTO THEFT - AUTOS,2023-10-26,2000,2000 HUNTINGTON AVE,ALEXANDRIA,VA,22303
1,LARC-23-6,LARCENY - THEFT FROM MOTOR VEHICLE,2023-10-26,2000,11500 NORTH SHORE DR,RESTON,VA,20190
2,DEST-290-2,DESTRUCTION - PRIVATE PROPERTY,2023-10-26,2000,11500 NORTH SHORE DR,RESTON,VA,20190
2,TRES-90J-1,TRESPASSING - PRIVATE PROPERTY,2023-10-26,0300,5800 SURREY HILL PL,SPRINGFIELD,VA,22152
1,LARC-23-4,LARCENY - THEFT FROM BUILDING,2023-10-26,0300,5800 SURREY HILL PL,SPRINGFIELD,VA,22152
1,LARC-23-4,LARCENY - THEFT FROM BUILDING,2023-10-26,0300,5800 SURREY HILL PL,SPRINGFIELD,VA,22152
1,SUSP-1,SUSPICIOUS - EVENT,2023-10-26,1400, CENTREVILLE RD / MCLEAREN RD,HERNDON,VA,20171
1,ANML-90Z-6,ANIMAL - ANIMAL BITE - DOMESTIC,2023-10-26,1700,5800 CROWFOOT DR,BURKE,VA,22015
1,DEST-290-2,DESTRUCTION - PRIVATE PROPERTY,2023-10-26,1700,7200 ARLINGTON BLVD,FALLS CHURCH,VA,22042
1,ANML-90Z-6,ANIMAL - ANIMAL BITE - DOMESTIC,2023-10-26,1600,5300 DUNLEIGH DR,BURKE,VA,22015
2,ANML-90Z-3,ANIMAL - LICENSE VIOLATION,2023-10-26,1600,5300 DUNLEIGH DR,BURKE,VA,22015
1,TRES-90J-1,TRESPASSING - PRIVATE PROPERTY,2023-10-26,1900,5900 FARLAND CT,ALEXANDRIA,VA,22315
1,FRAUD-26C-1,FRAUD - IMPERSONATION,2023-10-26,1500,2300 PIMMIT DR,FALLS CHURCH,VA,22043
1,SERV-1,SERVICE - POLICE SERVICE,2023-10-26,2100,6200 SHIELDS AVE,ALEXANDRIA,VA,22303
1,LARC-23-3,LARCENY - SHOPLIFTING,2023-10-26,1139,13000 FAIR LAKES SHOPPING CTR,FAIRFAX,VA,22033
1,AUTO-240-1,UNAUTHORIZED USE - AUTO,2023-10-26,2101,12300 ROUTE 50,FAIRFAX,VA,22033
1,ANML-3,ANIMAL - SERVICE - DOMESTIC,2023-10-26,1800,5500 SEMINARY RD,FALLS CHURCH,VA,22041
1,LARC-23-6,LARCENY - THEFT FROM MOTOR VEHICLE,2023-10-26,1200,4700 POPLAR DR,ALEXANDRIA,VA,22310
1,LARC-23-6,LARCENY - THEFT FROM MOTOR VEHICLE,2023-10-26,0753,2300 DULLES STATION BLVD,HERNDON,VA,20171
1,WARR-90Z-4,WARRANT - WARRANT SERVICE,2023-10-27,0010,4100 WADSWORTH CT,ANNANDALE,VA,22003
1,SERV-29,SERVICE - DOMESTIC DISPUTE,2023-10-27,0033,10300 BUSHMAN DR,OAKTON,VA,22124
1,TRES-90J-7,TRESPASSING - UNLAWFUL ENTRY,2023-10-27,0030,4500 MAYFIELD DR,ANNANDALE,VA,22003
2,DRUNK-90Z-1,DRUNK - DRUNK/PROFANE IN PUBLIC,2023-10-27,0030,4500 MAYFIELD DR,ANNANDALE,VA,22003
1,DISORD-90C-2,DISORDERLY - DISORDERLY CONDUCT,2023-10-27,0108,5900 SEMINARY RD,FALLS CHURCH,VA,22041
1,WARR-90Z-4,WARRANT - WARRANT SERVICE,2023-10-27,0023, CHERWEK DR / RICHMOND HWY,LORTON,VA,22079
1,SUSP-1,SUSPICIOUS - EVENT,2023-10-27,0251,1500 CAMERON CRESCENT DR,RESTON,VA,20190
1,WEAP-520-9,WEAPONS - BRANDISHING,2023-10-27,0250,3800 SOUTH GEORGE MASON DR,FALLS CHURCH,VA,22041
1,SERV-1,SERVICE - POLICE SERVICE,2023-10-27,0212,6200 ROLLING RD,SPRINGFIELD,VA,22152
1,ASSLT-13B-1,ASSAULT - SIMPLE; NOT AGGRAVATED,2023-10-27,0551,5900 RICHMOND HWY,ALEXANDRIA,VA,22303
1,FRAUD-26C-1,FRAUD - IMPERSONATION,2023-10-27,0744,6800 CLIFTON GROVE CT,CLIFTON,VA,20124
1,SERV-1,SERVICE - POLICE SERVICE,2023-10-27,0735,11800 SUNRISE VALLEY DR,RESTON,VA,20191
1,ANML-4,ANIMAL - SERVICE - WILD,2023-10-27,0556,14800 LEICESTER CT,CENTREVILLE,VA,20120
1,FRAUD-26C-1,FRAUD - IMPERSONATION,2023-10-27,0758,1400 NORTHGATE SQ,RESTON,VA,20190
1,SERV-33,SERVICE - NON DMV REPORTABLE CRASH,2023-10-27,0627, LEES CORNER RD / POPLAR TREE RD,CHANTILLY,VA,20151
1,SERV-6,SERVICE - ANIMAL DESTROYED BY SERVICE WEAPON,2023-10-27,0735, EXPRESS LANE NB / I495 NB RAMP TO RT193,FAIRFAX,VA,22102
1,FRAUD-26C-1,FRAUD - IMPERSONATION,2023-10-27,0819,7100 HOOES RD,SPRINGFIELD,VA,22150
1,SERV-6,SERVICE - ANIMAL DESTROYED BY SERVICE WEAPON,2023-10-27,0733,800 SAIGON RD,MCLEAN,VA,22102
1,TRES-90J-1,TRESPASSING - PRIVATE PROPERTY,2023-10-27,0820,6000 BELLVIEW DR,FALLS CHURCH,VA,22041
1,SERV-6,SERVICE - ANIMAL DESTROYED BY SERVICE WEAPON,2023-10-27,0752, ROCKY BRANCH RD / VALE RD,VIENNA,VA,22181
1,PARK-90Z-2,PARKING - OTHER PARKING VIOLATION,2023-10-27,0824, JANNA LEE AVE / TAMARIND ST,ALEXANDRIA,VA,22309
1,FRAUD-26C-1,FRAUD - IMPERSONATION,2023-10-27,0856,4000 HUMMER RD,ANNANDALE,VA,22003
1,SUSP-3,SUSPICIOUS - VEHICLE,2023-10-27,0853,3500 COURTLAND DR,FALLS CHURCH,VA,22041
1,SERV-1,SERVICE - POLICE SERVICE,2023-10-27,0825,6600 RICHMOND HWY,ALEXANDRIA,VA,22306
1,LARC-23-9,LARCENY -  ALL OTHER LARCENY,2023-10-27,0859,2600 SHERWOOD HALL LN,ALEXANDRIA,VA,22306
1,SERV-29,SERVICE - DOMESTIC DISPUTE,2023-10-27,0904,14800 SMETHWICK PL,CENTREVILLE,VA,20120
1,SERV-1,SERVICE - POLICE SERVICE,2023-10-27,0928,3600 BARCROFT VIEW TER,FALLS CHURCH,VA,22041
1,SERV-1,SERVICE - POLICE SERVICE,2023-10-27,0905,11300 FRENCH HORN LN,RESTON,VA,20191
1,SERV-1,SERVICE - POLICE SERVICE,2023-10-27,0925,2300 NORDOK PL,ALEXANDRIA,VA,22306
1,ASSLT-13B-1,ASSAULT - SIMPLE; NOT AGGRAVATED,2023-10-27,0948,7100 COLUMBIA PIKE,ANNANDALE,VA,22003
1,SERV-6,SERVICE - ANIMAL DESTROYED BY SERVICE WEAPON,2023-10-27,1025,100 ELDEN ST,HERNDON,VA,20170
1,SERV-1,SERVICE - POLICE SERVICE,2023-10-27,1033,2100 MAGER DR,HERNDON,VA,20170
1,SERV-1,SERVICE - POLICE SERVICE,2023-10-27,1046,12400 ROUTE 50,FAIRFAX,VA,22033
1,WARR-90Z-4,WARRANT - WARRANT SERVICE,2023-10-27,1025,5900 LEESBURG PIKE,FALLS CHURCH,VA,22041
2,ABC-90Z-1,ABC - TOBACCO - SELL/PURCHASEPOSSESS BY MINOR,2023-10-27,1025,5900 LEESBURG PIKE,FALLS CHURCH,VA,22041
1,SUSP-2,SUSPICIOUS - PERSON,2023-10-27,1037,4700 HARVEST WOODS CT,FAIRFAX,VA,22033
1,ANML-90Z-1,ANIMAL - RUNNING AT LARGE/UNRESTRICTED,2023-10-27,1057,1100 DAPPLE GREY CT,GREAT FALLS,VA,22066
2,ANML-90Z-2,ANIMAL - RABIES CERTIFICATE VIOLATION,2023-10-27,1057,1100 DAPPLE GREY CT,GREAT FALLS,VA,22066
2,SERV-999,POLICE PHONE REPORT,2023-10-27,0930,6700 ALPINE DR,ANNANDALE,VA,22003
1,LARC-23-6,LARCENY - THEFT FROM MOTOR VEHICLE,2023-10-27,0200,5000 ROSE HILL FARM DR,ALEXANDRIA,VA,22310
1,SERV-29,SERVICE - DOMESTIC DISPUTE,2023-10-27,1132,2900 FRANKLIN ST,ALEXANDRIA,VA,22306
1,SERV-1,SERVICE - POLICE SERVICE,2023-10-27,1034,7200 PINE DR,ANNANDALE,VA,22003
1,SUSP-1,SUSPICIOUS - EVENT,2023-10-27,1116,13800 PARK CENTER RD,HERNDON,VA,20171
1,SERV-33,SERVICE - NON DMV REPORTABLE CRASH,2023-10-27,1152,9000 BURKE LAKE RD,BURKE,VA,22015
1,WARR-90Z-4,WARRANT - WARRANT SERVICE,2023-10-27,0947, RAVEN TOWER CT / WILKES WAY,HERNDON,VA,20170
1,ASSLT-13B-1,ASSAULT - SIMPLE; NOT AGGRAVATED,2023-10-27,1133,7200 BOUDINOT DR,SPRINGFIELD,VA,22150
2,DISORD-90C-2,DISORDERLY - DISORDERLY CONDUCT,2023-10-27,1133,7200 BOUDINOT DR,SPRINGFIELD,VA,22150
3,PUB-90Z-1,PUBLIC SAFETY - IMPERSONATE LEO,2023-10-27,1133,7200 BOUDINOT DR,SPRINGFIELD,VA,22150
1,ASSLT-13B-1,ASSAULT - SIMPLE; NOT AGGRAVATED,2023-10-27,0830,5300 GUINEA RD,FAIRFAX,VA,22015
1,ASSLT-13C-1,ASSAULT - INTIMIDATION,2023-10-27,1213,5900 BURKE COMMONS RD,BURKE,VA,22015
1,LARC-23-3,LARCENY - SHOPLIFTING,2023-10-27,1231,6600 FRONTIER DR,SPRINGFIELD,VA,22150
1,ASSLT-13B-1,ASSAULT - SIMPLE; NOT AGGRAVATED,2023-10-27,1219,5500 VINCENT GATE TER,ALEXANDRIA,VA,22312
1,SERV-29,SERVICE - DOMESTIC DISPUTE,2023-10-27,1249,3700 SOUTH GEORGE MASON DR,FALLS CHURCH,VA,22041
1,SUSP-1,SUSPICIOUS - EVENT,2023-10-27,0500,7100 SEA CLIFF RD,MCLEAN,VA,22101
1,SUSP-1,SUSPICIOUS - EVENT,2023-10-27,1221,10200 WILLOW MIST CT,OAKTON,VA,22124
1,SERV-39,SERVICE - AVI THREAT SCHOOL,2023-10-27,1200,4500 DIXIE HILL RD,FAIRFAX,VA,22030
2,WARR-90Z-11,WARRANT - PRELIMINARY PROTECTIVE ORDER,2023-10-27,1252,7200 LIVERPOOL CT,ALEXANDRIA,VA,22315
1,FORG-250-4,FORGERY - COUNTERFEITING CURRENCY,2023-10-27,1323,2900 ARLINGTON DR,ALEXANDRIA,VA,22306
1,DRUG-35A-13,DRUGS - OTHER,2023-10-27,1403,7200 COMMERCE ST,SPRINGFIELD,VA,22150
1,SERV-6,SERVICE - ANIMAL DESTROYED BY SERVICE WEAPON,2023-10-27,1345,5800 TORINGTON DR,SPRINGFIELD,VA,22152
1,WARR-90Z-4,WARRANT - WARRANT SERVICE,2023-10-27,1115,10700 RICHMOND HWY,LORTON,VA,22079
1,SERV-2,SERVICE - CIVIL DISPUTE,2023-10-27,1408,7900 RICHMOND HWY,ALEXANDRIA,VA,22306
1,ANML-90Z-7,ANIMAL - OTHER ANIMAL CODE VIOLATION,2023-10-27,1415,2400 SPRING ST,DUNN LORING,VA,22027
2,SERV-5,SERVICE - ANIMAL DESTROYED BY CHEMICAL,2023-10-27,1415,2400 SPRING ST,DUNN LORING,VA,22027
1,SUSP-1,SUSPICIOUS - EVENT,2023-10-27,1431, AMERICANA DR / PATRIOT DR,ANNANDALE,VA,22003
1,SUSP-1,SUSPICIOUS - EVENT,2023-10-27,1450,4900 STONECROFT BLVD,CHANTILLY,VA,20120
1,LARC-23-9,LARCENY -  ALL OTHER LARCENY,2023-10-27,1425,7000 COLUMBIA PIKE,ANNANDALE,VA,22003
1,SERV-1,SERVICE - POLICE SERVICE,2023-10-27,1352, FAIRFAX COUNTY PKWY SB / MODISTO LN,SPRINGFIELD,VA,22153
1,SERV-33,SERVICE - NON DMV REPORTABLE CRASH,2023-10-27,1400,5700 TELEGRAPH RD,ALEXANDRIA,VA,22303
1,LARC-23-3,LARCENY - SHOPLIFTING,2023-10-27,1503,5700 BURKE CENTRE PKWY,BURKE,VA,22015
1,SERV-11,SERVICE - NATURAL DEATH,2023-10-27,1446,2100 COLTS NECK CT,RESTON,VA,20191
1,SUSP-1,SUSPICIOUS - EVENT,2023-10-27,0900,15400 MARTINS HUNDRED DR,CENTREVILLE,VA,20120
1,SUSP-2,SUSPICIOUS - PERSON,2023-10-27,1514,6800 KERRYWOOD CIR,CENTREVILLE,VA,20121
1,DRUNK-90Z-1,DRUNK - DRUNK/PROFANE IN PUBLIC,2023-10-27,1534,8200 LEESBURG PIKE,VIENNA,VA,22102
1,ANML-90Z-3,ANIMAL - LICENSE VIOLATION,2023-10-27,1344,11900 THOMAS AVE,GREAT FALLS,VA,22066
2,ANML-90Z-1,ANIMAL - RUNNING AT LARGE/UNRESTRICTED,2023-10-27,1344,11900 THOMAS AVE,GREAT FALLS,VA,22066
1,ANML-90Z-1,ANIMAL - RUNNING AT LARGE/UNRESTRICTED,2023-10-27,1522,6100 LEESBURG PIKE,FALLS CHURCH,VA,22041
2,ANML-90Z-3,ANIMAL - LICENSE VIOLATION,2023-10-27,1522,6100 LEESBURG PIKE,FALLS CHURCH,VA,22041
1,LARC-23-3,LARCENY - SHOPLIFTING,2023-10-27,1628,5100 WESTFIELDS BLVD,CENTREVILLE,VA,20120
1,SERV-1,SERVICE - POLICE SERVICE,2023-10-27,1528,5100 BACKLICK RD,ANNANDALE,VA,22003
1,ASSLT-13B-1,ASSAULT - SIMPLE; NOT AGGRAVATED,2023-10-27,1617,8700 CENTER RD,SPRINGFIELD,VA,22152
2,DEST-290-2,DESTRUCTION - PRIVATE PROPERTY,2023-10-27,1617,8700 CENTER RD,SPRINGFIELD,VA,22152
1,SERV-29,SERVICE - DOMESTIC DISPUTE,2023-10-27,1614,2400 WINDBREAK DR,ALEXANDRIA,VA,22306
1,LARC-23-3,LARCENY - SHOPLIFTING,2023-10-27,1607,3000 NUTLEY ST,FAIRFAX,VA,22031
1,SERV-1,SERVICE - POLICE SERVICE,2023-10-27,1522,6700 HARRISON LN,ALEXANDRIA,VA,22306
1,SERV-29,SERVICE - DOMESTIC DISPUTE,2023-10-27,1644,4700 QUIET WOODS LN,FAIRFAX,VA,22033
1,ANML-90Z-3,ANIMAL - LICENSE VIOLATION,2023-10-27,1600,10100 COLVIN RUN RD,GREAT FALLS,VA,22066
2,ANML-90Z-6,ANIMAL - ANIMAL BITE - DOMESTIC,2023-10-27,1600,10100 COLVIN RUN RD,GREAT FALLS,VA,22066
1,SERV-1,SERVICE - POLICE SERVICE,2023-10-27,1651,1800 FOUNTAIN DR,RESTON,VA,20190
1,SERV-29,SERVICE - DOMESTIC DISPUTE,2023-10-27,1653,5500 WHITFIELD CT,FAIRFAX,VA,22032
1,SUSP-1,SUSPICIOUS - EVENT,2023-10-27,1631, CANDLEBERRY CT / SHIPLETT BLVD,BURKE,VA,22015
1,SERV-1,SERVICE - POLICE SERVICE,2023-10-27,1749,14400 RED HOUSE DR,CENTREVILLE,VA,20120
1,ASSLT-13B-1,ASSAULT - SIMPLE; NOT AGGRAVATED,2023-10-27,1300,3300 GLEN CARLYN DR,FALLS CHURCH,VA,22041
2,LARC-23-9,LARCENY -  ALL OTHER LARCENY,2023-10-27,1300,3300 GLEN CARLYN DR,FALLS CHURCH,VA,22041
2,DRUNK-90Z-1,DRUNK - DRUNK/PROFANE IN PUBLIC,2023-10-27,1603,2000 PEACH ORCHARD DR,FALLS CHURCH,VA,22043
1,DRUG-35A-1,DRUGS - OPIUM/COCAINE POSSESSION,2023-10-27,1603,2000 PEACH ORCHARD DR,FALLS CHURCH,VA,22043
2,WARR-90Z-4,WARRANT - WARRANT SERVICE,2023-10-27,1816,7200 FORDSON RD,ALEXANDRIA,VA,22306
1,DRUG-35A-1,DRUGS - OPIUM/COCAINE POSSESSION,2023-10-27,1816,7200 FORDSON RD,ALEXANDRIA,VA,22306
1,SUSP-2,SUSPICIOUS - PERSON,2023-10-27,1733,5700 COLUMBIA PIKE,FALLS CHURCH,VA,22041
2,DEST-290-2,DESTRUCTION - PRIVATE PROPERTY,2023-10-27,1715,4600 GREEN SPRING RD,ALEXANDRIA,VA,22312
1,LARC-23-6,LARCENY - THEFT FROM MOTOR VEHICLE,2023-10-27,1715,4600 GREEN SPRING RD,ALEXANDRIA,VA,22312
1,SUSP-2,SUSPICIOUS - PERSON,2023-10-27,1842,6600 LOISDALE RD,SPRINGFIELD,VA,22150
1,SUSP-4,SUSPICIOUS - NOISE,2023-10-27,1827,13000 COMPTON RD,CLIFTON,VA,20124
1,LARC-23-6,LARCENY - THEFT FROM MOTOR VEHICLE,2023-10-27,0900,4600 GREEN SPRING RD,ALEXANDRIA,VA,22312
2,DEST-290-2,DESTRUCTION - PRIVATE PROPERTY,2023-10-27,0900,4600 GREEN SPRING RD,ALEXANDRIA,VA,22312
1,ANML-90Z-1,ANIMAL - RUNNING AT LARGE/UNRESTRICTED,2023-10-27,1857, PINEY BRANCH RD / ROUTE 29,FAIRFAX,VA,22030
2,ANML-90Z-3,ANIMAL - LICENSE VIOLATION,2023-10-27,1857, PINEY BRANCH RD / ROUTE 29,FAIRFAX,VA,22030
1,SERV-8,SERVICE - LOST/FOUND PROPERTY,2023-10-27,1300,6600 RICHMOND HWY,ALEXANDRIA,VA,22306
1,SERV-1,SERVICE - POLICE SERVICE,2023-10-27,1854,13000 AUTUMN WILLOW DR,FAIRFAX,VA,22030
1,LARC-23-3,LARCENY - SHOPLIFTING,2023-10-27,1829,5800 CROSSROADS CTR,FALLS CHURCH,VA,22041
1,WEAP-520-9,WEAPONS - BRANDISHING,2023-10-27,1804,7800 BELLWETHER CT,LORTON,VA,22079
1,SERV-8,SERVICE - LOST/FOUND PROPERTY,2023-10-27,1910,13800 JEFFERSON PARK DR,HERNDON,VA,20171
1,LARC-23-4,LARCENY - THEFT FROM BUILDING,2023-10-27,1512,2800 DORR AVE,FAIRFAX,VA,22031
1,SERV-1,SERVICE - POLICE SERVICE,2023-10-27,1904,4500 SQUIREDALE SQ,ALEXANDRIA,VA,22309
1,SERV-47,SERVICE - NON-FATAL OVERDOSE (NFO),2023-10-27,2010,15100 ENTERPRISE CT,CHANTILLY,VA,20151
1,LARC-23-3,LARCENY - SHOPLIFTING,2023-10-27,2006,6600 FRONTIER DR,SPRINGFIELD,VA,22150
1,ASSLT-13A-1,ASSAULT - AGGRAVATED,2023-10-27,2025,11900 BARON CAMERON AVE,RESTON,VA,20190
1,DRUG-35A-10,DRUGS - OTHER DANGEROUS DRUGS POSSESSION,2023-10-27,1440, CUMBERLAND AVE / DINWIDDIE ST,SPRINGFIELD,VA,22150
2,SERV-8,SERVICE - LOST/FOUND PROPERTY,2023-10-27,1440, CUMBERLAND AVE / DINWIDDIE ST,SPRINGFIELD,VA,22150
1,SERV-1,SERVICE - POLICE SERVICE,2023-10-27,1639,5900 BAYSHIRE RD,SPRINGFIELD,VA,22152
1,SERV-1,SERVICE - POLICE SERVICE,2023-10-27,2024,7200 PINE DR,ANNANDALE,VA,22003
1,ANML-90Z-2,ANIMAL - RABIES CERTIFICATE VIOLATION,2023-10-27,2123,9800 LAKEPOINTE DR,BURKE,VA,22015
1,SERV-11,SERVICE - NATURAL DEATH,2023-10-27,2006,6100 BRISTOL WAY,ALEXANDRIA,VA,22310
1,ASSLT-13A-1,ASSAULT - AGGRAVATED,2023-10-27,2159,14500 LEE RD,CHANTILLY,VA,20151
1,ASSLT-13B-1,ASSAULT - SIMPLE; NOT AGGRAVATED,2023-10-27,2236,3000 COVINGTON ST,FAIRFAX,VA,22031
1,ASSLT-13C-3,THREATS - TELEPHONE THREATS/ABUSE/OBSCENE,2023-10-27,2040,5900 LARPIN LN,ALEXANDRIA,VA,22310
1,ASSLT-13B-1,ASSAULT - SIMPLE; NOT AGGRAVATED,2023-10-27,2232,6400 HAYSTACK RD,ALEXANDRIA,VA,22310
1,SERV-29,SERVICE - DOMESTIC DISPUTE,2023-10-27,1750,11300 NORTH SHORE DR,RESTON,VA,20190
2,TAMP-290-3,TAMPERING - AUTO/TRUCK/OTHER VEHICLE,2023-10-27,1856,13300 SPOFFORD RD,HERNDON,VA,20171
1,LARC-23-6,LARCENY - THEFT FROM MOTOR VEHICLE,2023-10-27,1856,13300 SPOFFORD RD,HERNDON,VA,20171
1,SERV-1,SERVICE - POLICE SERVICE,2023-10-27,2249, RT286 NB RAMP TO FAIR LAKES PK,FAIRFAX,VA,22033
2,PARK-90Z-1,PARKING - INOPERATIVE/ABANDONED VEHICLE,2023-10-27,2249, RT286 NB RAMP TO FAIR LAKES PK,FAIRFAX,VA,22033
1,SERV-29,SERVICE - DOMESTIC DISPUTE,2023-10-27,2222,9100 HUNTING PINES PL,FAIRFAX,VA,22032
1,DRUG-35A-10,DRUGS - OTHER DANGEROUS DRUGS POSSESSION,2023-10-27,1959, CENTRAL AVE / RICHMOND HWY,ALEXANDRIA,VA,22309
1,SUSP-1,SUSPICIOUS - EVENT,2023-10-27,2259,1800 FOUNTAIN DR,RESTON,VA,20190
1,SERV-33,SERVICE - NON DMV REPORTABLE CRASH,2023-10-27,2340, COLLINGWOOD RD / RIVERSIDE RD,ALEXANDRIA,VA,22308
1,SERV-29,SERVICE - DOMESTIC DISPUTE,2023-10-27,2249,9100 BOWLER DR,FAIRFAX,VA,22031
2,DEST-290-2,DESTRUCTION - PRIVATE PROPERTY,2023-10-27,2314,6000 FORREST HOLLOW LN,SPRINGFIELD,VA,22152
1,FRAUD-26A-1,FRAUD - FALSE PRETENSES/SWINDLE/CONFIDENCE GAME,2023-10-27,2314,6000 FORREST HOLLOW LN,SPRINGFIELD,VA,22152
1,SERV-29,SERVICE - DOMESTIC DISPUTE,2023-10-27,2330,1900 KENNEDY DR,MCLEAN,VA,22102
1,LARC-23-7,LARCENY - THEFT OF MOTOR VEHICLE PARTS,2023-10-27,2355,6000 RICHMOND HWY,ALEXANDRIA,VA,22303
2,DEST-290-2,DESTRUCTION - PRIVATE PROPERTY,2023-10-27,2355,6000 RICHMOND HWY,ALEXANDRIA,VA,22303
1,DRUNK-90Z-2,DRUNK - DRUNK/PROFANE IN PUBLIC - DEFERRED,2023-10-27,2353,7400 LUCERNE LN,ANNANDALE,VA,22003
1,SERV-1,SERVICE - POLICE SERVICE,2023-10-27,2333,1800 TOWN CENTER PKWY,RESTON,VA,20190
1,ASSLT-13B-1,ASSAULT - SIMPLE; NOT AGGRAVATED,2023-10-27,2350,7400 LUCERNE LN,ANNANDALE,VA,22003
1,SERV-29,SERVICE - DOMESTIC DISPUTE,2023-10-27,2345,1500 ANDERSON RD,MCLEAN,VA,22102
1,SERV-29,SERVICE - DOMESTIC DISPUTE,2023-10-27,2130,12100 GREEN LEDGE CT,FAIRFAX,VA,22033
1,SERV-47,SERVICE - NON-FATAL OVERDOSE (NFO),2023-10-27,2230,1600 SILVER HILL DR,MCLEAN,VA,22102
2,DEST-290-2,DESTRUCTION - PRIVATE PROPERTY,2023-10-27,1730,6700 TOWER DR,ALEXANDRIA,VA,22306
1,LARC-23-7,LARCENY - THEFT OF MOTOR VEHICLE PARTS,2023-10-27,1730,6700 TOWER DR,ALEXANDRIA,VA,22306
1,SERV-8,SERVICE - LOST/FOUND PROPERTY,2023-10-27,0930,6500 COLUMBIA PIKE,ANNANDALE,VA,22003
1,ASSLT-13B-1,ASSAULT - SIMPLE; NOT AGGRAVATED,2023-10-27,2100,7700 DONNYBROOK CT,ANNANDALE,VA,22003
1,LARC-23-3,LARCENY - SHOPLIFTING,2023-10-27,1800,8000 ALBAN RD,SPRINGFIELD,VA,22150
1,LARC-23-3,LARCENY - SHOPLIFTING,2023-10-27,2119,5900 RICHMOND HWY,ALEXANDRIA,VA,22303
2,TRES-90J-1,TRESPASSING - PRIVATE PROPERTY,2023-10-27,2119,5900 RICHMOND HWY,ALEXANDRIA,VA,22303
1,LARC-23-9,LARCENY -  ALL OTHER LARCENY,2023-10-27,2000,10900 WOODLAND FALLS DR,GREAT FALLS,VA,22066
1,SUSP-3,SUSPICIOUS - VEHICLE,2023-10-28,0030, GOLDEN OAK RD / SAINT GERMAIN DR,CENTREVILLE,VA,20121
1,LARC-23-7,LARCENY - THEFT OF MOTOR VEHICLE PARTS,2023-10-28,0047,6000 RICHMOND HWY,ALEXANDRIA,VA,22303
2,DEST-290-2,DESTRUCTION - PRIVATE PROPERTY,2023-10-28,0047,6000 RICHMOND HWY,ALEXANDRIA,VA,22303
1,LARC-23-7,LARCENY - THEFT OF MOTOR VEHICLE PARTS,2023-10-28,0047,6000 RICHMOND HWY,ALEXANDRIA,VA,22303
2,DEST-290-2,DESTRUCTION - PRIVATE PROPERTY,2023-10-28,0047,6000 RICHMOND HWY,ALEXANDRIA,VA,22303
1,ASSLT-13B-1,ASSAULT - SIMPLE; NOT AGGRAVATED,2023-10-28,0110,8900 CROMWELL DR,SPRINGFIELD,VA,22151
1,SUSP-2,SUSPICIOUS - PERSON,2023-10-28,0010,6500 CHESTERFIELD AVE,MCLEAN,VA,22101
1,DEST-290-2,DESTRUCTION - PRIVATE PROPERTY,2023-10-28,0151,13800 BRADDOCK RD,CENTREVILLE,VA,20121
2,DRUNK-90Z-1,DRUNK - DRUNK/PROFANE IN PUBLIC,2023-10-28,0151,13800 BRADDOCK RD,CENTREVILLE,VA,20121
1,DISORD-90C-2,DISORDERLY - DISORDERLY CONDUCT,2023-10-28,0149,7200 COMMERCE ST,SPRINGFIELD,VA,22150
2,DRUNK-90Z-1,DRUNK - DRUNK/PROFANE IN PUBLIC,2023-10-28,0104,2300 MCGREGOR CT,VIENNA,VA,22182
1,DISORD-90C-2,DISORDERLY - DISORDERLY CONDUCT,2023-10-28,0104,2300 MCGREGOR CT,VIENNA,VA,22182
1,SERV-29,SERVICE - DOMESTIC DISPUTE,2023-10-28,0201,3100 JACKIES LN,ALEXANDRIA,VA,22306
1,SERV-1,SERVICE - POLICE SERVICE,2023-10-28,0015,4700 HARVEST WOODS CT,FAIRFAX,VA,22033
1,DEST-290-2,DESTRUCTION - PRIVATE PROPERTY,2023-10-28,0000,7100 RICHMOND HWY,ALEXANDRIA,VA,22306
1,DEST-290-2,DESTRUCTION - PRIVATE PROPERTY,2023-10-28,0033,7100 RICHMOND HWY,ALEXANDRIA,VA,22306
1,SERV-29,SERVICE - DOMESTIC DISPUTE,2023-10-28,0330,7400 LUCERNE LN,ANNANDALE,VA,22003
1,SERV-9,SERVICE - OPEN DOOR,2023-10-28,0504,3600 MADISON VIEW LN,FALLS CHURCH,VA,22041
1,SUSP-1,SUSPICIOUS - EVENT,2023-10-28,0622,3000 MADDEN CT,HERNDON,VA,20171
1,WARR-90Z-4,WARRANT - WARRANT SERVICE,2023-10-28,0540,3300 GALLOWS RD,FALLS CHURCH,VA,22042
1,SERV-6,SERVICE - ANIMAL DESTROYED BY SERVICE WEAPON,2023-10-28,0811, SULLY RD,FAIRFAX,VA,
1,LARC-23-3,LARCENY - SHOPLIFTING,2023-10-28,0815,1500 CORNERSIDE BLVD,VIENNA,VA,22182
1,LARC-23-7,LARCENY - THEFT OF MOTOR VEHICLE PARTS,2023-10-28,0902,6600 TOWER DR,ALEXANDRIA,VA,22306
2,DEST-290-2,DESTRUCTION - PRIVATE PROPERTY,2023-10-28,0902,6600 TOWER DR,ALEXANDRIA,VA,22306
1,DEST-290-2,DESTRUCTION - PRIVATE PROPERTY,2023-10-28,0857,7800 PATRIOT DR,ANNANDALE,VA,22003
1,DEST-290-2,DESTRUCTION - PRIVATE PROPERTY,2023-10-28,0130,12900 GRAYS POINTE RD,FAIRFAX,VA,22033
2,SERV-29,SERVICE - DOMESTIC DISPUTE,2023-10-28,0931,11600 NORTH SHORE DR,RESTON,VA,20190
1,PUB-90Z-6,PUBLIC SAFETY - OBSTRUCTION OF JUSTICE,2023-10-28,0931,11600 NORTH SHORE DR,RESTON,VA,20190
1,AUTO-240-1,UNAUTHORIZED USE - AUTO,2023-10-28,0808,8600 KENOSHA CT,LORTON,VA,22079
1,SERV-29,SERVICE - DOMESTIC DISPUTE,2023-10-28,1000,2800 SUTTON OAKS LN,VIENNA,VA,22181
1,SERV-1,SERVICE - POLICE SERVICE,2023-10-28,1014,5500 SEMINARY RD,FALLS CHURCH,VA,22041
1,BURG-220-2,BURGLARY - NO FORCE,2023-10-28,0700,2400 VILLANOVA DR,VIENNA,VA,22180
1,SERV-37,SERVICE - MISSING JUVENILE,2023-10-28,1045,13500 MCLEAREN RD,HERNDON,VA,20171
1,SERV-29,SERVICE - DOMESTIC DISPUTE,2023-10-28,1026,12600 FAIR CREST CT,FAIRFAX,VA,22033
1,SERV-1,SERVICE - POLICE SERVICE,2023-10-28,1017,8500 SILVERBROOK RD,LORTON,VA,22079
1,ANML-90Z-3,ANIMAL - LICENSE VIOLATION,2023-10-28,1038,9900 CORSICA ST,VIENNA,VA,22181
2,ANML-3,ANIMAL - SERVICE - DOMESTIC,2023-10-28,1038,9900 CORSICA ST,VIENNA,VA,22181
1,DISORD-90C-2,DISORDERLY - DISORDERLY CONDUCT,2023-10-28,1154,5800 LEESBURG PIKE,FALLS CHURCH,VA,22041
1,ANML-90Z-3,ANIMAL - LICENSE VIOLATION,2023-10-28,1118,12500 OLD YATES FORD RD,CLIFTON,VA,20124
2,ANML-90Z-1,ANIMAL - RUNNING AT LARGE/UNRESTRICTED,2023-10-28,1118,12500 OLD YATES FORD RD,CLIFTON,VA,20124
3,ANML-90Z-7,ANIMAL - OTHER ANIMAL CODE VIOLATION,2023-10-28,1118,12500 OLD YATES FORD RD,CLIFTON,VA,20124
1,SERV-23,SERVICE - MISSING ADULT,2023-10-28,1215,7900 JANNA LEE AVE,ALEXANDRIA,VA,22306
1,LARC-23-9,LARCENY -  ALL OTHER LARCENY,2023-10-28,0300,4500 JOHN TYLER CT,ANNANDALE,VA,22003
2,DEST-290-2,DESTRUCTION - PRIVATE PROPERTY,2023-10-28,0300,4500 JOHN TYLER CT,ANNANDALE,VA,22003
1,TRES-90J-1,TRESPASSING - PRIVATE PROPERTY,2023-10-28,1141,8400 BLANKENSHIP ST,ALEXANDRIA,VA,22309
1,WARR-90Z-4,WARRANT - WARRANT SERVICE,2023-10-28,1032, CALDERON CT / CYRENE BLVD,ALEXANDRIA,VA,22306
1,LARC-23-3,LARCENY - SHOPLIFTING,2023-10-28,1200,8600 RICHMOND HWY,ALEXANDRIA,VA,22309
1,SERV-29,SERVICE - DOMESTIC DISPUTE,2023-10-28,1232,7400 LONE STAR RD,LORTON,VA,22079
1,SERV-11,SERVICE - NATURAL DEATH,2023-10-28,1116,2400 LEYLAND RIDGE RD,HERNDON,VA,20171
1,SERV-1,SERVICE - POLICE SERVICE,2023-10-28,1153,6500 COLUMBIA PIKE,ANNANDALE,VA,22003
1,ANML-90Z-3,ANIMAL - LICENSE VIOLATION,2023-10-28,1237,13800 BRADDOCK RD,CENTREVILLE,VA,20121
2,ANML-90Z-1,ANIMAL - RUNNING AT LARGE/UNRESTRICTED,2023-10-28,1237,13800 BRADDOCK RD,CENTREVILLE,VA,20121
1,SERV-29,SERVICE - DOMESTIC DISPUTE,2023-10-28,1246,7100 WOLF RUN SHOALS RD,FAIRFAX STATION,VA,22039
1,ANML-90Z-3,ANIMAL - LICENSE VIOLATION,2023-10-28,1207,14800 SMETHWICK PL,CENTREVILLE,VA,20120
2,ANML-90Z-7,ANIMAL - OTHER ANIMAL CODE VIOLATION,2023-10-28,1207,14800 SMETHWICK PL,CENTREVILLE,VA,20120
1,LARC-23-3,LARCENY - SHOPLIFTING,2023-10-28,1049,13000 FAIR LAKES SHOPPING CTR,FAIRFAX,VA,22033
1,SUSP-1,SUSPICIOUS - EVENT,2023-10-28,1321,8500 OLD MOUNT VERNON RD,ALEXANDRIA,VA,22309
1,SERV-47,SERVICE - NON-FATAL OVERDOSE (NFO),2023-10-28,1215,400 RIVER BEND RD,GREAT FALLS,VA,22066
1,SERV-1,SERVICE - POLICE SERVICE,2023-10-28,1252,700 LIVE OAK DR,MCLEAN,VA,22101
1,ANML-90Z-6,ANIMAL - ANIMAL BITE - DOMESTIC,2023-10-28,1416,13800 METROTECH DR,CHANTILLY,VA,20151
1,ANML-3,ANIMAL - SERVICE - DOMESTIC,2023-10-28,1337,11800 SAINT TRINIANS CT,RESTON,VA,20191
1,DRUNK-90Z-1,DRUNK - DRUNK/PROFANE IN PUBLIC,2023-10-28,1425,7800 ROUTE 29,FALLS CHURCH,VA,22042
1,ANML-90Z-6,ANIMAL - ANIMAL BITE - DOMESTIC,2023-10-28,1200,10100 COLVIN RUN RD,GREAT FALLS,VA,22066
2,SERV-999,POLICE PHONE REPORT,2023-10-28,1200,10100 COLVIN RUN RD,GREAT FALLS,VA,22066
1,ASSLT-13B-1,ASSAULT - SIMPLE; NOT AGGRAVATED,2023-10-28,1454,7000 BROOKFIELD PLZ,SPRINGFIELD,VA,22150
1,ANML-90Z-1,ANIMAL - RUNNING AT LARGE/UNRESTRICTED,2023-10-28,1420,6200 FRANCONIA FOREST LN,ALEXANDRIA,VA,22310
1,ANML-3,ANIMAL - SERVICE - DOMESTIC,2023-10-28,1439,8100 WILLOWDALE CT,SPRINGFIELD,VA,22153
1,LARC-23-9,LARCENY -  ALL OTHER LARCENY,2023-10-28,1300,8400 FRYE RD,ALEXANDRIA,VA,22309
1,SERV-1,SERVICE - POLICE SERVICE,2023-10-28,1428,6500 BRAWNER ST,MCLEAN,VA,22101
1,ANML-90Z-1,ANIMAL - RUNNING AT LARGE/UNRESTRICTED,2023-10-28,1527,7400 ENGLEWOOD PL,ANNANDALE,VA,22003
1,LARC-23-3,LARCENY - SHOPLIFTING,2023-10-28,1501,2300 HUNTERS WOODS PLZ,RESTON,VA,20191
1,SERV-37,SERVICE - MISSING JUVENILE,2023-10-28,1514,1700 BUSINESS CENTER DR,RESTON,VA,20190
1,ASSLT-13C-3,THREATS - TELEPHONE THREATS/ABUSE/OBSCENE,2023-10-28,1520,3100 ALLEN ST,FALLS CHURCH,VA,22042
1,SERV-1,SERVICE - POLICE SERVICE,2023-10-28,1524,12200 HARBOR TOWN CIR,FAIRFAX,VA,22033
1,SERV-29,SERVICE - DOMESTIC DISPUTE,2023-10-28,1613,11600 NORTH SHORE DR,RESTON,VA,20190
1,SERV-29,SERVICE - DOMESTIC DISPUTE,2023-10-28,1609, CANDLEWOOD DR / COLLINGWOOD RD,ALEXANDRIA,VA,22308
1,ANML-90Z-6,ANIMAL - ANIMAL BITE - DOMESTIC,2023-10-28,1430,4200 EVERGREEN LN,ANNANDALE,VA,22003
1,SERV-1,SERVICE - POLICE SERVICE,2023-10-28,1744,2300 BEDFORDSHIRE CIR,RESTON,VA,20191
1,ANML-90Z-1,ANIMAL - RUNNING AT LARGE/UNRESTRICTED,2023-10-28,1636,9400 GOLDFIELD LN,BURKE,VA,22015
2,ANML-90Z-3,ANIMAL - LICENSE VIOLATION,2023-10-28,1636,9400 GOLDFIELD LN,BURKE,VA,22015
1,ANML-90Z-1,ANIMAL - RUNNING AT LARGE/UNRESTRICTED,2023-10-28,1742,8200 SAFARIAN WAY,ALEXANDRIA,VA,22309
1,SUSP-2,SUSPICIOUS - PERSON,2023-10-28,1806, NORTH SHORE DR / WIEHLE AVE,RESTON,VA,20190
1,DISORD-90C-2,DISORDERLY - DISORDERLY CONDUCT,2023-10-28,1836,9200 ASHMEADE DR,FAIRFAX,VA,22032
1,SERV-29,SERVICE - DOMESTIC DISPUTE,2023-10-28,1940,12900 CENTRE PARK CIR,HERNDON,VA,20171
1,SERV-6,SERVICE - ANIMAL DESTROYED BY SERVICE WEAPON,2023-10-28,1944, DEARBORN DR / SLEEPY HOLLOW RD,FALLS CHURCH,VA,22044
1,SERV-29,SERVICE - DOMESTIC DISPUTE,2023-10-28,2057,13100 FOX HUNT LN,HERNDON,VA,20171
1,ANML-3,ANIMAL - SERVICE - DOMESTIC,2023-10-28,2027,6000 RICHMOND HWY,ALEXANDRIA,VA,22303
1,ANML-90Z-1,ANIMAL - RUNNING AT LARGE/UNRESTRICTED,2023-10-28,2044,9100 RICHMOND HWY,FORT BELVOIR,VA,22060
2,ANML-90Z-3,ANIMAL - LICENSE VIOLATION,2023-10-28,2044,9100 RICHMOND HWY,FORT BELVOIR,VA,22060
